,Symbol,2019Q1 Date,2019Q1 Time,2019Q1 Before Open %Change,2019Q1 After Close %Change,2019Q2 Date,2019Q2 Time,2019Q2 Before Open %Change,2019Q2 After Close %Change,2019Q3 Date,2019Q3 Time,2019Q3 Before Open %Change,2019Q3 After Close %Change,2019Q4 Date,2019Q4 Time,2019Q4 Before Open %Change,2019Q4 After Close %Change,2020Q1 Date,2020Q1 Time,2020Q1 Before Open %Change,2020Q1 After Close %Change
0,A,2019-02-20,TAS,0.01,-1.13,2019-05-14,TAS,0.8,-11.38,2019-08-14,TAS,-1.57,9.68,2019-11-25,TAS,0.42,-2.11,2020-02-18,TAS,-0.19,-0.11
1,AAL,2019-01-24,TAS,8.25,0.83,2019-04-26,TAS,-3.77,1.36,2019-07-25,TAS,-0.12,1.04,2019-10-24,TAS,3.46,-0.03,2020-01-23,TAS,0.26,0.17
2,AAP,2019-02-19,TAS,-0.04,-0.68,2019-05-22,TAS,2.72,-0.43,2019-08-13,TAS,-7.99,-2.81,2019-11-12,TAS,-6.44,-0.53,2020-02-18,TAS,8.83,-0.21
3,AAPL,2019-01-29,TAS,-0.03,5.54,2019-04-30,TAS,-0.76,4.59,2019-07-30,TAS,-0.44,3.66,2019-10-30,TAS,0.6,1.64,2020-01-28,TAS,1.18,2.13
4,ABBV,2019-01-25,TAS,-3.92,-0.67,2019-04-25,TAS,1.75,0.42,2019-07-26,TAS,1.47,0.16,2019-11-01,TAS,0.6,1.47,2020-02-07,TAS,2.94,0.08
5,ABC,2019-01-31,TAS,2.48,-1.86,2019-05-02,TAS,2.9,1.19,2019-08-01,TAS,4.28,0.27,2019-11-07,TAS,1.92,-0.54,2020-01-30,TAS,-0.59,0.46
6,ABMD,2019-01-31,TAS,5.87,-0.65,2019-05-02,TAS,-16.27,0.28,2019-08-01,TAS,-20.05,-3.37,2019-10-31,TAS,4.07,-0.04,2020-02-06,TAS,-8.03,-1.07
7,ABT,2019-01-23,TAS,-1.38,0.13,2019-04-17,TAS,-0.26,1.04,2019-07-17,TAS,3.28,0.56,2019-10-16,TAS,-0.76,-0.32,2020-01-22,TAS,1.17,-0.05
8,ACN,2019-03-28,TAS,2.67,0.1,2019-06-27,TAS,-2.46,0.67,2019-09-26,TAS,-1.47,0.75,2019-12-19,TAS,-1.8,1.35,2020-03-19,TAS,0.14,-0.61
9,ADBE,2019-03-14,TAS,0.33,-3.61,2019-06-18,TAS,1.73,3.69,2019-09-17,TAS,0.39,-3.28,2019-12-12,TAS,-0.24,2.66,2020-03-12,TAS,-7.87,9.78
10,ADI,2019-02-20,TAS,0.84,-0.46,2019-05-22,TAS,-1.04,-1.93,2019-08-21,TAS,-1.17,-0.04,2019-11-18,TAS,-0.33,0.68,2020-02-19,TAS,5.47,0.41
11,ADM,2019-02-05,TAS,-3.51,-0.36,2019-04-26,TAS,-0.41,2.0,2019-08-01,TAS,0.1,-0.44,2019-10-31,TAS,1.53,0.55,2020-01-29,TAS,0.32,4.44
12,ADP,2019-01-30,TAS,2.24,-0.42,2019-05-01,TAS,-2.06,-0.01,2019-07-31,TAS,4.24,-0.76,2019-10-30,TAS,-2.47,-0.44,2020-01-29,TAS,-3.62,-1.22
13,ADS,2019-02-07,TAS,-8.28,-2.0,2019-04-25,TAS,-2.91,0.06,2019-07-18,TAS,1.0,0.09,2019-10-24,TAS,-6.27,-0.63,2020-01-30,TAS,-3.36,-0.55
14,ADSK,2019-02-28,TAS,-0.13,2.92,2019-05-23,Time Not Supplied,-2.31,-5.23,2019-08-27,TAS,1.12,-12.5,2019-11-26,TAS,0.54,-0.16,2020-02-27,TAS,-3.37,-2.26
15,AEE,2019-02-14,TAS,-1.94,0.74,2019-05-09,TAS,0.04,-0.38,2019-08-02,TAS,0.05,0.45,2019-11-08,TAS,-0.7,-0.01,2020-02-26,TAS,1.4,-0.07
16,AEP,2019-01-24,TAS,0.12,-0.49,2019-04-25,TAS,-0.6,0.75,2019-07-25,TAS,-0.37,-0.38,2019-10-24,TAS,0.35,-0.03,2020-02-20,TAS,-0.53,-0.32
17,AES,2019-02-27,TAS,-1.27,0.58,2019-05-07,TAS,-0.59,0.3,2019-08-06,TAS,-1.9,-0.32,2019-11-06,TAS,2.5,0.28,2020-02-28,TAS,-12.52,0.24
18,AFL,2019-01-31,TAS,-0.65,0.21,2019-04-25,TAS,-0.51,0.47,2019-07-25,TAS,-0.11,0.06,2019-10-24,TAS,0.06,0.08,2020-02-04,TAS,0.94,0.92
19,AGN,2019-01-29,TAS,-5.67,-1.71,2019-05-07,TAS,-1.91,-0.62,2019-08-06,TAS,0.23,0.32,2019-11-05,TAS,0.39,0.11,2020-02-10,TAS,0.04,0.18
20,AIG,2019-02-06,After Market Close,-0.02,-0.96,2019-05-06,TAS,-1.74,7.71,2019-08-07,TAS,-1.97,4.61,2019-11-01,TAS,-1.83,0.6,2020-02-13,TAS,2.75,-2.1
21,AIV,2019-02-04,TAS,-0.45,-0.63,2019-05-02,TAS,-0.04,0.0,2019-08-01,TAS,0.14,-0.1,2019-10-31,TAS,0.16,-0.16,2020-01-30,TAS,-0.17,-0.24
22,AIZ,2019-02-12,TAS,0.75,-0.45,2019-05-06,TAS,-1.52,2.89,2019-08-06,After Market Close,0.34,1.17,2019-11-04,Time Not Supplied,0.28,0.19,2020-02-10,Time Not Supplied,-0.34,0.26
23,AJG,2019-01-31,TAS,0.15,0.39,2019-04-25,TAS,-0.54,0.25,2019-07-25,TAS,-0.24,-0.27,2019-10-24,TAS,0.29,0.14,2020-01-30,TAS,-0.51,2.79
24,AKAM,2019-02-12,TAS,0.44,1.47,2019-04-30,TAS,0.03,7.43,2019-07-30,TAS,-0.23,1.15,2019-10-28,TAS,0.73,1.7,2020-02-11,TAS,0.47,3.71
25,ALB,2019-02-20,TAS,0.23,6.98,2019-05-08,TAS,-5.04,-1.43,2019-08-07,TAS,-1.3,10.53,2019-11-06,TAS,-0.86,1.38,2020-02-19,TAS,0.34,-0.38
26,ALGN,2019-01-29,TAS,0.3,-5.99,2019-04-24,TAS,-0.03,-1.0,2019-07-24,TAS,-0.35,-20.31,2019-10-23,TAS,-0.19,9.1,2020-01-29,TAS,-0.61,-4.92
27,ALK,2019-01-24,After Market Close,3.15,-2.34,2019-04-25,TAS,-0.02,-0.12,2019-07-25,TAS,-1.28,0.56,2019-10-24,TAS,0.57,0.35,2020-01-28,TAS,0.81,0.32
28,ALL,2019-02-05,TAS,0.23,2.17,2019-05-01,TAS,-0.01,1.0,2019-07-30,TAS,-0.3,3.4,2019-10-29,TAS,0.19,-0.69,2020-02-04,TAS,0.93,0.93
29,ALLE,2019-02-19,TAS,-3.76,-0.34,2019-04-25,TAS,0.03,0.16,2019-07-25,TAS,-5.74,0.0,2019-10-24,TAS,4.24,0.34,2020-02-18,TAS,-4.29,-0.29
30,ALXN,2019-02-04,TAS,1.89,-0.29,2019-04-25,TAS,0.7,0.24,2019-07-24,TAS,2.11,-0.41,2019-10-23,TAS,1.73,1.15,2020-01-30,TAS,-0.88,1.06
31,AMAT,2019-02-14,TAS,-0.37,-1.74,2019-05-16,TAS,-0.48,4.06,2019-08-15,TAS,0.62,-2.54,2019-11-14,TAS,0.04,5.92,2020-02-12,TAS,0.74,2.11
32,AMCR,,,,,,,,,,,,,2019-11-07,Time Not Supplied,-0.4,2.04,Multi,Multi,,
33,AMD,2019-01-29,TAS,0.4,11.64,2019-04-30,TAS,-0.36,4.78,2019-07-30,TAS,-0.81,-5.28,2019-10-29,TAS,0.12,-0.3,2020-01-28,TAS,1.56,-5.32
34,AME,2019-01-30,Before Market Open,0.79,0.23,2019-05-01,TAS,0.37,0.1,2019-07-30,TAS,0.5,0.62,2019-10-31,TAS,2.73,0.91,2020-02-05,TAS,-1.12,0.32
35,AMGN,2019-01-29,TAS,0.12,-1.68,2019-04-30,TAS,0.25,-2.19,2019-07-30,TAS,-0.66,2.01,2019-10-29,TAS,0.12,-1.26,2020-01-30,TAS,-0.51,-3.27
36,AMP,2019-01-30,TAS,0.29,1.14,2019-04-24,TAS,-0.5,-0.35,2019-07-24,TAS,-0.62,-0.16,2019-10-23,TAS,-0.32,4.89,2020-01-29,TAS,0.65,0.72
37,AMT,2019-02-27,TAS,0.16,-0.39,2019-05-03,TAS,0.28,-0.27,2019-07-31,TAS,0.46,-0.71,2019-10-31,TAS,0.58,0.49,2020-02-25,TAS,1.15,0.0
38,AMZN,2019-01-31,TAS,1.34,-4.65,2019-04-25,TAS,0.8,1.41,2019-07-25,TAS,0.01,-1.61,2019-10-24,TAS,0.51,-4.67,2020-01-30,TAS,0.0,9.66
39,ANET,2019-02-14,TAS,0.16,7.88,2019-05-02,TAS,-0.39,-15.75,2019-08-01,TAS,-0.08,-6.42,2019-10-31,TAS,0.62,-28.99,2020-02-13,TAS,-0.84,-8.47
40,ANSS,2019-02-27,TAS,-0.51,5.19,2019-05-01,TAS,0.1,-3.33,2019-08-05,TAS,-2.44,10.44,2019-11-06,TAS,-0.21,-3.99,2020-02-26,TAS,0.65,-10.49
41,ANTM,2019-01-30,TAS,7.05,0.05,2019-04-24,TAS,-0.93,-0.8,2019-07-24,TAS,-3.01,0.12,2019-10-23,TAS,-2.91,0.49,2020-01-29,TAS,-3.73,-1.34
42,AON,2019-02-01,TAS,1.01,0.62,2019-04-26,TAS,0.44,-0.21,2019-07-26,TAS,-0.07,0.0,2019-10-25,TAS,1.36,0.42,2020-01-31,TAS,1.88,0.89
43,AOS,2019-01-29,TAS,-1.97,-0.65,2019-04-30,TAS,-4.0,-0.27,2019-07-30,TAS,-4.47,0.24,2019-10-29,TAS,-3.6,-1.1,2020-01-28,TAS,2.12,0.26
44,APA,2019-02-27,TAS,0.63,0.74,2019-05-01,TAS,0.27,-2.87,2019-07-31,TAS,-0.21,-5.53,2019-10-30,TAS,-0.05,-1.73,2020-02-26,TAS,0.0,-2.54
45,APD,2019-01-25,TAS,2.24,-0.15,2019-04-24,TAS,0.4,-0.01,2019-07-25,TAS,-0.38,0.03,2019-11-07,TAS,0.98,1.81,2020-01-24,TAS,0.11,-1.46
46,APH,2019-01-23,TAS,-0.9,0.44,2019-04-24,TAS,-9.76,-0.2,2019-07-24,TAS,-3.99,-0.29,2019-10-23,TAS,2.43,0.4,2020-01-22,TAS,-1.02,-0.79
47,APTV,2019-01-31,TAS,2.99,-1.16,2019-05-02,TAS,-10.32,-0.24,2019-07-31,TAS,5.11,1.03,2019-10-30,TAS,-1.52,-0.24,2020-01-30,TAS,-5.43,-1.07
48,ARE,2019-02-04,TAS,-0.2,0.61,2019-04-29,TAS,-0.12,0.41,2019-07-29,TAS,0.31,1.47,2019-10-28,TAS,-0.08,-0.31,2020-02-03,TAS,0.4,0.36
49,ATO,2019-02-05,TAS,0.01,-0.8,2019-05-07,TAS,-0.06,-0.5,2019-08-07,TAS,0.18,-0.83,2019-11-06,TAS,0.12,-0.19,2020-02-04,TAS,-0.14,-0.6
50,ATVI,2019-02-12,TAS,0.57,3.02,2019-05-02,TAS,0.45,-2.72,2019-08-08,TAS,0.64,-1.16,2019-11-07,TAS,0.69,-1.92,2020-02-06,TAS,0.58,1.78
51,AVB,2019-02-04,TAS,-0.26,1.38,2019-04-24,TAS,0.65,-1.01,2019-07-31,TAS,0.0,-2.42,2019-10-28,TAS,0.0,-0.13,2020-02-05,TAS,-0.06,0.0
52,AVGO,2019-03-14,TAS,0.32,6.81,2019-06-13,After Market Close,0.64,-8.34,2019-09-12,TAS,1.15,-0.97,2019-12-05,After Market Close,0.28,1.11,2020-03-12,Time Not Supplied,-7.72,3.08
53,AVY,2019-01-30,TAS,1.82,0.03,2019-04-24,TAS,-2.78,-0.79,2019-07-23,TAS,0.02,0.32,2019-10-23,TAS,3.0,-1.17,2020-01-29,TAS,1.25,-0.71
54,AWK,2019-02-19,TAS,-0.15,-0.98,2019-05-01,TAS,-0.36,-0.41,2019-07-31,TAS,-0.16,-1.0,2019-10-30,TAS,0.56,1.17,2020-02-18,TAS,0.73,-0.14
55,AXP,2019-01-17,TAS,0.0,-1.31,2019-04-18,TAS,0.44,-0.94,2019-07-19,TAS,-1.25,-0.06,2019-10-18,TAS,0.53,0.68,2020-01-24,TAS,3.8,-2.93
56,AZO,2019-02-26,TAS,7.9,-3.74,2019-05-21,TAS,2.98,-1.05,2019-09-24,Before Market Open,1.11,0.02,2019-12-10,TAS,6.07,1.32,2020-03-03,TAS,-4.1,1.49
57,BA,2019-01-30,TAS,6.16,-0.14,2019-04-24,TAS,1.03,0.15,2019-07-24,TAS,-0.75,-1.45,2019-10-23,TAS,2.37,0.35,2020-01-29,TAS,2.46,-0.47
58,BAC,2019-01-16,TAS,5.95,-0.39,2019-04-16,TAS,-1.81,-0.17,Multi,Multi,,,2019-10-16,TAS,2.15,0.43,2020-01-15,TAS,-1.56,0.66
59,BAX,2019-01-31,TAS,-1.07,1.74,2019-04-25,Before Market Open,-1.77,-0.12,2019-07-25,TAS,1.47,0.74,2019-10-24,TAS,-9.61,-2.45,2020-03-17,TAS,2.5,-5.35
60,BBY,2019-02-27,TAS,13.2,0.97,2019-05-23,TAS,-0.16,-0.59,2019-08-29,TAS,-5.39,-0.95,2019-11-26,TAS,3.97,0.88,2020-02-27,TAS,-3.26,-2.87
61,BDX,2019-02-05,TAS,0.34,-0.07,2019-05-09,TAS,-3.17,-0.67,2019-08-06,TAS,1.39,-0.7,2019-11-05,TAS,-2.2,0.0,2020-02-06,TAS,-11.54,-0.26
62,BEN,2019-01-30,TAS,-2.02,-1.03,2019-04-26,TAS,0.48,-0.31,2019-07-30,TAS,-1.73,0.03,2019-10-25,TAS,-2.59,0.86,2020-01-30,TAS,0.93,-0.8
63,BF.B,,,,,,,,,,,,,,,,,,,,
64,BIIB,2019-01-29,Before Market Open,-0.87,-2.48,2019-04-24,Before Market Open,0.79,-0.16,2019-07-23,Before Market Open,2.8,0.34,2019-10-22,Before Market Open,38.7,1.2,2020-01-30,Before Market Open,1.98,-0.52
65,BK,2019-01-16,TAS,1.38,-0.97,2019-04-17,TAS,-7.0,0.04,2019-07-17,TAS,0.6,0.36,2019-10-16,TAS,1.44,1.24,2020-01-16,TAS,-7.77,0.28
66,BKNG,2019-02-27,TAS,-0.51,-7.97,2019-05-09,After Market Close,-1.27,5.12,2019-08-07,After Market Close,-1.57,4.31,2019-11-07,After Market Close,-3.47,4.92,2020-02-26,TAS,0.27,-3.89
67,BKR,,,,,,,,,2019-07-31,TAS,1.59,-1.77,2019-10-30,TAS,2.88,-0.69,2020-01-22,TAS,0.48,-1.41
68,BLK,2019-01-16,TAS,0.34,-0.49,2019-04-16,TAS,0.27,0.09,2019-07-19,TAS,0.24,-0.14,2019-10-15,TAS,0.83,0.12,2020-01-15,TAS,0.03,1.25
69,BLL,2019-01-31,TAS,-2.31,0.17,2019-05-02,TAS,-1.7,0.17,2019-08-01,TAS,-0.08,-0.67,2019-10-31,TAS,-0.53,-0.2,2020-02-06,TAS,-0.84,-0.26
70,BMY,2019-01-24,TAS,-2.42,1.12,2019-04-25,TAS,0.96,0.96,2019-07-25,TAS,-0.76,1.28,2019-10-31,TAS,-0.72,1.08,2020-02-06,TAS,2.15,-0.63
71,BR,2019-02-07,TAS,-3.56,0.82,2019-05-07,TAS,-0.22,-0.14,2019-08-01,TAS,-0.6,-0.02,2019-11-06,TAS,-4.0,0.32,2020-01-31,TAS,-6.93,1.28
72,BRK.B,,,,,,,,,,,,,,,,,,,,
73,BSX,2019-02-06,TAS,-1.19,-0.98,2019-04-24,TAS,-2.48,0.08,2019-07-24,TAS,-1.91,0.02,2019-10-23,TAS,6.73,0.32,2020-02-05,TAS,0.4,-0.05
74,BWA,2019-02-14,TAS,-6.98,2.5,2019-04-25,TAS,1.06,0.99,2019-07-25,TAS,-1.29,-1.28,2019-10-31,TAS,5.79,1.18,2020-02-13,TAS,-1.1,-0.94
75,BXP,2019-01-29,TAS,-0.16,0.88,2019-04-30,TAS,0.25,0.08,2019-07-30,TAS,0.53,1.12,2019-10-29,TAS,0.45,2.0,2020-01-28,TAS,0.23,0.53
76,C,2019-01-14,TAS,-1.04,1.63,2019-04-15,TAS,-0.04,0.18,2019-07-15,TAS,-0.06,-0.01,2019-10-15,TAS,-0.1,-0.56,2020-01-14,TAS,0.68,-0.22
77,CAG,2019-03-21,TAS,7.21,0.5,2019-06-27,TAS,-5.63,0.08,2019-09-26,TAS,3.91,0.23,2019-12-19,TAS,7.26,0.03,2020-03-31,TAS,8.82,-3.41
78,CAH,2019-02-07,TAS,5.34,0.41,2019-05-09,TAS,-3.34,0.2,2019-08-08,TAS,2.08,0.07,2019-11-07,TAS,5.46,-0.47,2020-02-06,TAS,9.24,1.42
79,CARR,,,,,,,,,,,,,,,,,,,,
80,CAT,2019-01-28,TAS,-7.21,1.0,2019-04-24,TAS,-1.61,-0.49,2019-07-24,TAS,-5.16,-0.63,2019-10-23,TAS,0.4,-0.18,2020-01-31,TAS,-1.15,0.07
81,CB,2019-02-05,TAS,0.05,-2.15,2019-04-30,TAS,0.3,-1.95,2019-07-23,TAS,-0.09,-0.16,2019-10-29,TAS,-0.34,0.5,2020-02-04,TAS,0.9,3.88
82,CBOE,2019-02-08,TAS,-0.11,0.42,2019-05-03,TAS,0.89,-0.77,2019-08-02,TAS,0.87,0.51,2019-11-01,TAS,3.75,0.35,2020-02-07,TAS,-2.29,-0.43
83,CBRE,2019-02-13,TAS,3.28,0.51,2019-05-08,TAS,0.02,-1.07,2019-08-01,TAS,0.92,-0.09,2019-11-06,TAS,-0.95,1.17,2020-02-27,TAS,-1.62,-2.28
84,CCI,2019-01-23,TAS,0.48,0.47,2019-04-17,TAS,2.09,-1.95,2019-07-17,TAS,0.23,-4.79,2019-10-16,TAS,-0.37,0.62,2020-02-26,TAS,0.44,-8.57
85,CCL,2019-03-26,TAS,-7.41,0.19,,,,,,,,,,,,,,,,
86,CDNS,2019-02-19,TAS,-0.46,8.28,2019-04-22,TAS,-0.09,6.68,2019-07-22,TAS,0.66,-0.92,2019-10-21,TAS,1.13,4.55,2020-02-12,TAS,0.38,-0.13
87,CDW,2019-02-07,TAS,1.91,-0.2,Multi,Multi,,,2019-07-31,TAS,1.43,0.29,2019-10-31,TAS,3.23,0.82,2020-02-06,TAS,-1.12,-0.17
88,CE,2019-01-28,TAS,-0.79,-5.52,2019-04-22,TAS,-0.42,5.49,2019-07-22,TAS,-0.17,0.32,2019-10-21,TAS,0.35,-0.21,2020-01-30,TAS,-1.2,-2.22
89,CERN,2019-02-05,TAS,0.29,-0.63,2019-04-25,TAS,-0.73,-0.15,2019-07-24,TAS,-0.64,-1.0,2019-10-24,TAS,0.37,0.03,2020-02-04,TAS,1.18,3.73
90,CF,2019-02-13,TAS,0.61,-0.66,2019-05-01,TAS,-0.83,-0.23,2019-07-31,TAS,-0.04,5.41,Multi,Multi,,,2020-02-12,TAS,0.07,-0.75
91,CFG,2019-01-18,TAS,0.88,-0.4,2019-04-18,TAS,0.54,0.34,2019-07-19,TAS,3.24,-0.81,2019-10-18,TAS,0.23,1.3,2020-01-17,TAS,3.03,-0.61
92,CHD,2019-02-05,TAS,-6.64,2.12,2019-05-02,TAS,-0.33,-1.23,Multi,Multi,,,2019-10-31,TAS,-1.11,-0.13,2020-01-31,TAS,2.42,0.69
93,CHRW,2019-01-29,TAS,-0.18,1.04,2019-04-30,TAS,0.43,-2.94,2019-07-30,TAS,-0.25,-3.55,2019-10-29,TAS,-0.55,-9.3,2020-01-28,TAS,0.01,-6.87
94,CHTR,2019-01-31,TAS,10.38,0.25,2019-04-30,TAS,0.13,0.52,2019-07-26,TAS,-6.29,-0.0,2019-10-25,TAS,5.93,0.79,2020-01-31,TAS,2.39,1.04
95,CI,Multi,Multi,,,2019-05-02,Before Market Open,1.1,-0.03,2019-08-01,TAS,0.07,0.19,2019-10-31,TAS,1.03,0.42,2020-02-06,TAS,1.83,-0.56
96,CINF,2019-02-06,TAS,-0.07,-1.61,2019-04-24,TAS,0.06,-0.33,2019-07-30,TAS,-0.69,0.21,2019-10-24,TAS,0.35,0.63,2020-02-05,TAS,0.94,2.51
97,CL,2019-01-25,TAS,-1.99,-0.21,2019-04-26,TAS,1.3,-0.07,2019-07-26,TAS,-0.01,0.22,2019-11-01,TAS,-1.69,-0.42,2020-01-31,TAS,6.0,0.38
98,CLX,2019-02-04,TAS,4.07,-0.56,2019-05-01,TAS,-3.84,-0.04,2019-08-01,TAS,-5.47,-0.02,2019-10-31,TAS,0.8,-0.24,2020-02-04,TAS,1.89,-0.21
99,CMA,2019-01-16,TAS,2.0,-0.01,2019-04-16,TAS,-1.98,-0.13,2019-07-17,TAS,-2.45,-0.53,2019-10-16,TAS,1.49,-2.06,2020-01-21,TAS,-3.74,0.57
100,CMCSA,2019-01-23,TAS,3.2,-0.11,2019-04-25,TAS,1.43,2.33,2019-07-25,TAS,-1.25,-1.32,2019-10-24,TAS,3.26,0.76,2020-01-23,TAS,-1.9,-1.64
101,CME,2019-02-14,TAS,0.33,-0.45,2019-05-01,TAS,-2.34,-0.22,2019-07-31,TAS,-1.34,-0.19,2019-10-30,TAS,1.44,-0.38,2020-02-12,TAS,-1.68,0.03
102,CMG,2019-02-06,TAS,0.12,8.05,2019-04-24,TAS,0.5,0.18,2019-07-23,TAS,0.47,2.83,2019-10-22,TAS,0.61,-2.0,2020-02-04,TAS,1.0,0.81
103,CMI,2019-02-06,TAS,-1.57,0.04,2019-04-30,TAS,2.07,0.13,2019-07-30,TAS,-6.59,-0.25,2019-10-29,TAS,-2.99,0.07,2020-02-04,TAS,2.52,1.06
104,CMS,2019-01-31,Before Market Open,-1.57,-0.15,2019-04-25,TAS,-0.72,0.49,2019-07-25,TAS,-0.28,0.36,2019-10-24,TAS,1.6,0.71,2020-01-30,TAS,0.22,0.29
105,CNC,2019-02-05,TAS,4.71,0.02,2019-04-23,TAS,0.17,0.34,2019-07-23,TAS,-2.28,0.44,2019-10-22,TAS,-0.2,-1.01,2020-02-04,TAS,-1.69,1.94
106,CNP,2019-02-28,TAS,-3.11,-0.13,2019-05-09,TAS,-0.23,-0.79,2019-08-07,TAS,-0.03,-0.64,2019-11-07,TAS,-0.1,-0.52,2020-02-27,TAS,0.12,-1.74
107,COF,2019-01-22,TAS,-1.14,-4.35,2019-04-25,TAS,-0.09,3.01,2019-07-18,TAS,0.11,3.68,2019-10-24,TAS,0.06,-0.52,2020-01-21,TAS,-0.8,2.75
108,COG,2019-02-22,TAS,-0.81,0.08,2019-04-26,TAS,3.04,0.53,2019-07-26,TAS,-5.74,0.94,2019-10-24,TAS,0.43,0.27,2020-02-20,TAS,-0.38,-3.58
109,COO,2019-03-05,TAS,0.41,3.03,2019-05-30,TAS,0.09,0.21,2019-08-29,TAS,0.6,-7.54,2019-12-05,TAS,0.24,-1.52,2020-03-05,TAS,-2.45,1.06
110,COP,2019-01-31,TAS,1.29,0.96,2019-04-30,TAS,1.44,0.97,2019-07-30,TAS,-1.87,-0.05,2019-10-29,TAS,0.22,0.61,2020-02-04,TAS,-0.42,1.4
111,COST,2019-03-07,TAS,-0.5,4.01,2019-05-30,TAS,0.61,-1.06,,,,,Multi,Multi,,,2020-03-05,TAS,-1.55,-1.15
112,COTY,2019-02-08,TAS,24.08,-0.32,2019-05-08,TAS,-4.49,-0.35,2019-08-28,TAS,6.48,0.21,2019-11-06,TAS,4.28,0.92,2020-02-05,TAS,9.96,1.07
113,CPB,2019-02-27,TAS,3.46,0.0,2019-06-05,TAS,5.77,-0.48,2019-08-30,TAS,3.72,-0.42,2019-12-04,TAS,-0.19,0.08,2020-03-04,TAS,4.43,-0.04
114,CPRI,2019-02-06,TAS,11.53,-1.49,2019-05-29,TAS,-7.33,-1.6,2019-08-07,TAS,-0.06,-0.58,2019-11-06,TAS,-0.44,2.9,2020-02-05,TAS,7.96,0.51
115,CPRT,2019-02-20,TAS,0.23,0.77,2019-05-22,TAS,0.42,4.41,2019-09-04,TAS,0.49,1.11,2019-11-20,TAS,-0.5,5.68,2020-02-19,TAS,0.43,-7.18
116,CRM,2019-03-04,TAS,0.63,0.9,2019-06-04,TAS,0.65,4.2,2019-08-22,TAS,1.43,6.38,2019-12-03,TAS,-2.51,-0.74,2020-02-25,TAS,1.36,-2.61
117,CSCO,2019-02-13,TAS,-0.06,2.84,2019-05-15,TAS,-0.5,3.49,2019-08-14,TAS,-1.14,-6.42,2019-11-13,TAS,-0.27,-5.98,2020-02-12,TAS,0.61,-5.57
118,CSX,2019-01-16,TAS,0.08,-2.17,2019-04-16,TAS,0.33,4.63,2019-07-16,TAS,-0.13,-7.79,2019-10-16,TAS,1.08,2.84,2020-01-16,TAS,0.88,-1.62
119,CTAS,2019-03-21,TAS,-0.58,-2.5,,,,,Multi,Multi,,,2019-12-17,TAS,0.41,0.92,2020-03-19,TAS,-0.98,-1.55
120,CTL,2019-02-13,TAS,0.07,-11.77,2019-05-08,TAS,0.61,-3.67,2019-08-07,TAS,-2.09,-1.55,2019-11-06,TAS,-4.02,1.72,2020-02-12,TAS,0.27,-4.42
121,CTSH,2019-02-06,TAS,-1.67,-0.43,2019-05-02,TAS,0.01,-9.79,2019-07-31,TAS,0.18,2.79,Multi,Multi,,,2020-02-05,TAS,1.83,3.2
122,CTVA,,,,,,,,,2019-08-01,Before Market Open,0.0,-0.99,Multi,Multi,,,Multi,Multi,,
123,CTXS,2019-01-23,TAS,0.47,-7.93,2019-04-24,TAS,0.59,-0.94,2019-07-24,TAS,0.1,-3.75,2019-10-24,TAS,3.19,0.32,2020-01-22,TAS,0.14,3.3
124,CVS,2019-02-20,TAS,-8.89,-0.3,2019-05-01,TAS,4.54,-0.21,2019-08-07,TAS,4.03,1.03,2019-11-06,TAS,3.13,1.42,2020-02-12,TAS,1.12,-0.41
125,CVX,2019-02-01,TAS,1.74,-0.73,2019-04-26,TAS,0.42,-0.08,2019-08-02,TAS,0.86,-1.28,2019-11-01,TAS,-0.56,0.88,2020-01-31,TAS,-1.43,-0.18
126,CXO,2019-02-19,TAS,-0.94,-4.14,2019-04-30,TAS,0.72,0.49,2019-07-31,TAS,-0.07,-19.43,2019-10-29,TAS,-0.72,10.78,2020-02-18,TAS,-1.1,3.58
127,D,2019-02-01,TAS,0.26,-0.15,2019-05-03,TAS,-1.58,0.0,2019-07-31,TAS,-0.64,0.43,2019-11-01,TAS,0.85,-0.28,2020-02-11,TAS,0.78,-0.26
128,DAL,2019-01-15,TAS,0.46,2.22,2019-04-10,TAS,3.55,0.16,2019-07-11,TAS,1.31,0.12,2019-10-10,TAS,-3.65,0.75,2020-01-14,TAS,4.29,0.15
129,DD,,,,,Multi,Multi,,,2019-08-01,TAS,1.44,-0.4,2019-10-31,TAS,2.65,0.9,2020-01-30,TAS,-4.25,-0.99
130,DE,2019-02-15,TAS,-1.82,-1.33,2019-05-17,TAS,-4.1,-0.63,2019-08-16,TAS,0.05,0.64,2019-11-27,TAS,-4.61,-0.45,2020-02-21,TAS,7.28,-2.77
131,DFS,2019-01-24,TAS,0.02,-1.57,2019-04-25,TAS,-0.29,2.01,2019-07-23,TAS,0.67,3.76,2019-10-22,TAS,-0.6,1.47,2020-01-23,TAS,-0.46,-9.0
132,DG,2019-03-14,TAS,-7.49,0.15,2019-05-30,TAS,5.3,-0.66,2019-08-29,TAS,7.51,0.34,2019-12-05,TAS,1.31,0.52,2020-03-12,TAS,-3.57,4.75
133,DGX,2019-02-14,TAS,-6.01,0.63,2019-04-23,TAS,1.34,0.35,2019-07-23,TAS,5.74,0.41,2019-10-22,TAS,-0.08,0.44,2020-01-30,TAS,1.86,-0.44
134,DHI,2019-01-25,Before Market Open,0.7,-2.06,2019-04-25,Before Market Open,-5.89,-0.36,2019-07-30,TAS,0.68,0.77,2019-11-12,TAS,4.31,0.02,2020-01-27,TAS,1.09,1.02
135,DHR,2019-01-29,TAS,0.15,0.74,2019-04-18,TAS,2.69,-0.98,2019-07-18,TAS,1.29,0.35,2019-10-24,TAS,-0.56,-0.52,2020-01-30,TAS,-0.13,-1.07
136,DIS,2019-02-05,TAS,0.2,1.06,Multi,Multi,,,Multi,Multi,,,Multi,Multi,,,Multi,Multi,,
137,DISCA,2019-02-26,TAS,-3.77,0.39,2019-05-02,TAS,2.72,0.65,2019-08-06,TAS,2.71,-0.68,2019-11-06,TAS,0.36,3.72,2020-02-24,TAS,-2.4,0.11
138,DISCK,,,,,2019-05-02,TAS,1.21,0.36,2019-08-06,TAS,3.93,-1.28,2019-11-07,TAS,2.71,0.07,2020-02-27,TAS,-3.27,-2.1
139,DISH,2019-02-13,TAS,-6.3,-1.0,2019-05-03,TAS,0.12,0.26,2019-07-29,TAS,-2.0,-1.96,2019-11-07,Before Market Open,7.37,-0.4,2020-02-19,TAS,1.72,1.24
140,DLR,2019-02-05,TAS,0.0,-0.97,2019-04-25,TAS,-1.14,-1.72,2019-07-30,TAS,-0.16,-0.37,2019-10-29,TAS,0.11,-1.19,2020-02-13,TAS,-0.44,-0.49
141,DLTR,2019-03-06,TAS,2.29,-0.92,2019-05-30,Before Market Open,0.89,-0.75,2019-08-29,TAS,2.91,0.59,2019-11-26,TAS,-14.8,-0.8,2020-03-04,TAS,-0.73,-0.35
142,DOV,2019-01-29,TAS,7.86,1.1,2019-04-18,TAS,0.62,-1.47,2019-07-18,TAS,-0.5,0.68,2019-10-17,TAS,7.48,0.13,2020-01-30,TAS,0.27,-0.83
143,DOW,,,,,2019-05-02,Time Not Supplied,-1.05,0.95,Multi,Multi,,,Multi,Multi,,,2020-01-29,Before Market Open,3.86,-2.74
144,DRE,2019-01-30,TAS,0.03,-0.17,2019-04-24,TAS,0.56,-0.39,2019-07-31,TAS,-0.56,0.12,2019-10-30,TAS,0.43,1.04,2020-01-29,TAS,-0.03,-0.52
145,DRI,2019-03-21,TAS,4.45,0.09,2019-06-20,Before Market Open,-2.18,0.31,2019-09-19,TAS,-4.02,-0.06,2019-12-19,TAS,-3.67,0.89,2020-03-19,TAS,-1.26,7.26
146,DTE,2019-02-07,TAS,-3.6,-0.16,2019-04-24,TAS,0.28,-0.42,2019-07-24,TAS,0.49,-0.09,2019-10-22,Before Market Open,0.36,-0.23,2020-02-05,Before Market Open,0.68,0.34
147,DUK,2019-02-14,TAS,-1.18,0.72,2019-05-09,TAS,1.0,-0.24,2019-08-06,TAS,0.39,-0.01,2019-11-08,TAS,-0.95,0.03,2020-02-13,TAS,-0.11,0.05
148,DVA,2019-02-13,TAS,0.24,-0.74,2019-05-07,TAS,-1.21,-4.15,Multi,Multi,,,2019-11-05,TAS,0.81,8.3,2020-02-10,TAS,0.02,1.51
149,DVN,2019-02-19,TAS,-1.16,9.08,2019-04-30,TAS,1.22,2.68,2019-08-06,TAS,1.04,-4.5,2019-11-05,TAS,1.02,4.44,2020-02-18,After Market Close,-1.4,1.62
150,DXC,2019-02-07,TAS,-0.5,2.15,2019-05-23,TAS,-1.14,2.17,2019-08-08,TAS,0.48,-24.88,2019-11-11,TAS,-1.0,7.04,2020-02-06,TAS,0.7,2.51
151,EA,2019-02-05,TAS,0.71,-14.46,2019-05-07,TAS,-0.69,6.88,2019-07-30,TAS,-1.06,6.13,2019-10-29,TAS,0.0,-0.17,2020-01-30,TAS,-0.7,-0.8
152,EBAY,2019-01-29,TAS,1.03,0.83,2019-04-23,TAS,-0.22,3.63,2019-07-17,TAS,0.18,5.33,2019-10-23,TAS,-0.69,-8.75,2020-01-28,TAS,0.37,-3.18
153,ECL,2019-02-19,TAS,0.93,-0.99,2019-04-30,TAS,-1.97,-0.33,2019-07-30,TAS,-0.62,0.16,2019-10-29,TAS,-2.67,0.07,2020-02-18,TAS,-0.06,0.45
154,ED,2019-02-21,TAS,-0.44,0.86,2019-05-02,TAS,0.13,0.5,2019-08-01,TAS,-0.21,1.33,2019-11-04,TAS,-0.33,-0.91,2020-02-20,TAS,-0.01,-3.56
155,EFX,2019-02-20,TAS,0.22,-1.0,2019-05-10,TAS,-1.33,-2.43,2019-07-24,TAS,-0.24,0.12,2019-10-23,TAS,-0.24,0.45,2020-02-12,TAS,-0.06,0.87
156,EIX,2019-02-20,After Market Close,-0.18,-0.64,2019-04-30,TAS,0.05,-2.7,2019-07-25,TAS,-0.24,0.19,2019-10-29,TAS,-0.02,-2.32,2020-02-27,TAS,-0.4,-2.38
157,EL,2019-02-05,TAS,9.42,-1.45,2019-05-01,TAS,4.76,-0.88,2019-08-19,TAS,8.92,-1.12,2019-10-31,TAS,-3.59,0.57,2020-02-06,TAS,4.8,-0.78
158,EMN,2019-01-31,TAS,-1.49,-1.61,2019-04-25,TAS,-0.16,-1.5,2019-07-25,TAS,-0.64,-2.02,2019-10-24,TAS,1.07,-2.48,2020-01-30,TAS,-1.41,0.2
159,EMR,2019-02-04,Before Market Open,0.15,-2.28,2019-05-07,TAS,-3.78,-0.3,2019-08-06,TAS,0.69,-1.92,2019-11-05,TAS,-1.53,-0.89,2020-02-04,TAS,2.67,1.86
160,EOG,2019-02-26,TAS,0.25,1.74,2019-05-02,TAS,-0.83,2.89,2019-08-01,TAS,-2.15,2.44,2019-11-06,TAS,-0.7,1.44,2020-02-27,TAS,-4.13,-4.5
161,EQIX,2019-02-13,TAS,-2.65,5.13,2019-05-01,TAS,-0.24,4.44,2019-07-31,TAS,-0.23,5.45,2019-10-30,TAS,0.56,0.27,2020-02-12,TAS,0.43,-1.29
162,EQR,2019-01-29,TAS,-0.4,-0.39,2019-04-30,TAS,0.15,-0.21,2019-07-30,TAS,-0.08,0.49,Multi,Multi,,,2020-01-28,TAS,0.17,4.21
163,ES,2019-02-20,TAS,-0.16,-0.38,2019-05-01,TAS,-0.39,1.45,2019-07-31,TAS,-0.22,-0.16,2019-11-05,TAS,-0.45,0.01,2020-02-19,TAS,0.03,2.94
164,ESS,2019-01-30,TAS,-0.38,-0.39,2019-04-24,TAS,0.63,-0.03,2019-07-24,TAS,0.19,0.94,2019-10-23,TAS,-0.35,-1.26,2020-01-29,TAS,0.27,0.31
165,ETFC,2019-01-24,TAS,-0.08,-3.09,2019-04-17,TAS,0.36,3.08,2019-07-18,TAS,-0.15,1.05,2019-10-17,TAS,0.41,5.2,2020-01-23,TAS,-1.03,-2.3
166,ETN,2019-01-31,TAS,3.2,0.05,2019-04-30,TAS,-1.79,0.54,2019-07-30,TAS,-0.59,-0.05,2019-10-29,TAS,-0.84,0.02,Multi,Multi,,
167,ETR,2019-02-20,TAS,-1.05,-0.85,,,,,2019-07-31,TAS,0.98,-0.44,2019-10-30,TAS,-0.08,-0.1,2020-02-19,TAS,0.16,-0.05
168,EVRG,Multi,Multi,,,2019-05-09,TAS,1.8,0.14,2019-08-07,Time Not Supplied,0.16,0.2,Multi,Multi,,,2020-03-02,Time Not Supplied,2.22,0.37
169,EW,2019-01-31,TAS,-0.3,-1.69,2019-04-23,TAS,-0.11,-1.15,2019-07-23,TAS,0.08,11.61,2019-10-23,TAS,0.17,4.6,2020-01-30,TAS,-0.99,3.63
170,EXC,2019-02-08,TAS,-4.09,-0.13,2019-05-02,TAS,0.76,0.04,2019-08-01,TAS,-2.26,0.38,2019-10-31,TAS,-0.34,-0.11,2020-02-11,TAS,0.0,0.2
171,EXPD,2019-02-19,TAS,1.32,-0.07,2019-05-07,TAS,-2.05,0.26,2019-08-06,TAS,11.78,-1.5,2019-11-05,TAS,1.95,-0.37,2020-02-18,TAS,0.67,-0.55
172,EXPE,2019-02-07,TAS,-0.55,5.58,2019-05-02,TAS,-0.19,-2.99,2019-07-25,TAS,0.43,2.0,2019-11-06,TAS,0.3,-14.93,2020-02-13,TAS,-0.87,12.17
173,EXR,2019-02-20,TAS,-0.07,-2.0,2019-04-30,TAS,0.31,-0.18,2019-07-30,TAS,-0.11,-0.04,2019-10-29,TAS,0.08,-0.52,2020-02-18,TAS,0.16,-2.37
174,F,2019-01-23,TAS,0.47,-0.24,2019-04-25,TAS,-0.52,6.7,2019-07-24,TAS,0.1,-5.61,2019-10-23,TAS,-0.66,-3.69,2020-02-04,TAS,1.11,-8.39
175,FANG,2019-02-19,TAS,-0.94,-0.76,2019-05-07,TAS,-1.14,3.32,2019-08-06,TAS,0.38,-3.34,2019-11-05,TAS,0.71,-11.3,2020-02-18,TAS,-0.61,3.77
176,FAST,2019-01-17,TAS,2.46,1.13,2019-04-11,TAS,3.65,0.42,2019-07-11,TAS,-4.42,0.0,2019-10-11,TAS,9.93,-2.72,2020-01-17,TAS,-2.52,-1.01
177,FB,2019-01-30,TAS,1.41,10.09,2019-04-24,TAS,0.39,7.89,2019-07-24,TAS,-2.34,1.0,2019-10-30,TAS,0.13,4.49,2020-01-29,TAS,1.68,-7.48
178,FBHS,2019-01-30,After Market Close,0.26,-0.46,2019-04-24,TAS,0.28,5.42,2019-08-01,TAS,-0.09,-1.7,2019-10-23,TAS,-0.26,1.75,2020-01-29,TAS,0.55,-0.77
179,FCX,2019-01-24,TAS,-6.82,2.52,2019-04-25,TAS,-4.05,0.41,2019-07-24,TAS,-0.94,0.92,2019-10-23,TAS,0.4,-0.2,2020-01-23,TAS,-7.14,-0.84
180,FDX,2019-03-19,TAS,0.78,-4.77,2019-06-25,TAS,-0.58,0.3,2019-09-17,TAS,-0.69,-11.54,2019-12-17,TAS,-1.58,-7.24,2020-03-17,TAS,2.66,-4.81
181,FE,2019-02-19,TAS,0.0,-1.44,2019-04-23,TAS,0.02,0.32,2019-07-23,TAS,-0.05,2.01,2019-11-04,TAS,1.32,-0.69,2020-02-07,TAS,-0.43,0.04
182,FFIV,2019-01-23,TAS,0.66,-4.87,2019-04-24,TAS,0.0,-4.69,2019-07-24,TAS,0.13,-1.78,2019-10-23,TAS,-0.31,8.44,2020-01-27,TAS,-1.46,-5.77
183,FIS,2019-02-12,TAS,-2.11,0.84,2019-04-30,TAS,4.16,-0.14,2019-08-06,TAS,3.65,-1.44,2019-11-05,TAS,3.11,-0.14,2020-02-13,TAS,0.6,0.02
184,FISV,Multi,Multi,,,2019-04-30,TAS,1.41,-1.71,2019-07-25,TAS,1.38,2.71,2019-11-06,TAS,-0.1,2.95,2020-02-04,TAS,1.38,-1.01
185,FITB,2019-01-22,TAS,0.56,0.83,2019-04-23,TAS,-0.44,-0.78,,,,,,,,,,,,
186,FLIR,2019-02-13,TAS,0.31,0.58,2019-04-24,TAS,1.68,-0.97,2019-07-24,TAS,-1.74,-0.31,2019-10-31,TAS,-16.51,0.64,2020-02-27,TAS,-11.26,-3.2
187,FLS,2019-02-20,TAS,0.21,-7.6,2019-05-02,TAS,-1.88,7.34,2019-07-31,TAS,-0.04,-3.0,2019-10-30,TAS,-0.68,0.32,2020-02-17,TAS,4.12,5.09
188,FLT,2019-02-06,TAS,-0.26,3.59,2019-05-07,TAS,-0.9,0.67,2019-08-06,TAS,0.87,4.0,2019-11-06,After Market Close,0.13,-2.01,2020-02-06,TAS,0.24,-5.73
189,FMC,2019-02-11,TAS,-0.02,-4.88,2019-05-06,After Market Close,-2.71,2.22,2019-07-30,TAS,-0.75,-0.35,2019-10-29,TAS,-0.48,4.33,2020-02-05,TAS,0.87,1.63
190,FOX,,,,,,,,,,,,,,,,,,,,
191,FOXA,2019-02-06,TAS,,,2019-05-07,After Market Close,-0.9,0.21,Multi,Multi,,,Multi,Multi,,,Multi,Multi,,
192,FRC,2019-01-15,TAS,9.01,0.72,2019-04-12,TAS,-2.5,-0.31,2019-07-16,TAS,-3.71,-0.74,2019-10-15,TAS,5.99,-1.7,2020-01-14,TAS,3.08,-2.28
193,FRT,2019-02-13,TAS,-0.27,-0.13,2019-05-02,TAS,0.22,-0.22,2019-08-01,TAS,-0.23,2.27,2019-10-30,TAS,0.0,-0.56,2020-02-10,After Market Close,0.55,-0.22
194,FTI,,,,,2019-04-25,TAS,0.44,1.52,2019-07-24,TAS,1.07,3.68,2019-10-23,TAS,-0.64,-6.19,2020-02-26,TAS,3.8,-0.2
195,FTNT,2019-02-06,TAS,0.04,-0.27,2019-05-02,TAS,-0.08,-5.97,2019-08-01,TAS,0.16,11.36,2019-10-31,TAS,-0.5,8.71,2020-02-06,TAS,0.13,-2.74
196,FTV,2019-02-07,TAS,-1.0,1.32,2019-04-25,TAS,-0.68,-7.32,2019-07-25,TAS,0.05,-9.3,2019-10-24,TAS,-0.03,-0.22,2020-02-06,TAS,0.26,-0.86
197,GD,2019-01-30,TAS,-3.5,-1.01,2019-04-24,TAS,5.89,-0.55,2019-07-24,TAS,0.01,-0.13,2019-10-23,TAS,-1.22,1.39,2020-01-29,TAS,0.16,-0.64
198,GE,2019-01-31,Before Market Open,9.23,0.39,2019-04-30,Before Market Open,5.14,-0.2,2019-07-31,Before Market Open,2.28,-0.77,,,,,2020-01-29,Before Market Open,7.16,-0.39
199,GILD,2019-02-04,TAS,-0.27,-3.28,2019-05-02,TAS,-0.25,1.03,2019-07-30,TAS,-0.1,-2.15,2019-10-24,TAS,0.26,-4.55,,,,
200,GIS,2019-03-20,TAS,2.33,-0.12,2019-06-26,TAS,-6.16,-0.21,2019-09-18,TAS,1.11,-0.28,2019-12-18,TAS,0.98,0.56,2020-03-18,TAS,-3.39,0.76
201,GL,,,,,2019-04-17,TAS,0.45,0.29,2019-07-24,TAS,-0.15,1.32,2019-10-23,TAS,-0.24,1.11,2020-02-04,TAS,1.07,-1.44
202,GLW,2019-01-29,TAS,5.73,0.33,2019-04-30,TAS,-7.95,0.47,2019-07-30,TAS,-6.54,-0.41,2019-10-29,TAS,1.05,-3.93,2020-01-29,TAS,-0.68,-1.38
203,GM,2019-02-06,TAS,2.21,-1.7,2019-04-30,TAS,-2.72,0.13,2019-08-01,TAS,2.28,-0.6,2019-10-29,TAS,2.62,0.13,2020-02-05,TAS,1.54,0.06
204,GOOG,,,,,,,,,,,,,,,,,,,,
205,GOOGL,2019-02-04,After Market Close,0.03,-1.03,2019-04-29,After Market Close,0.24,-8.14,2019-07-25,After Market Close,-0.07,8.1,2019-10-28,After Market Close,0.85,-1.01,2020-02-03,After Market Close,2.01,-1.9
206,GPC,2019-02-19,TAS,0.1,0.33,2019-04-18,TAS,-0.69,-0.4,2019-07-18,TAS,-2.17,-0.2,2019-10-17,TAS,0.16,0.0,2020-02-19,TAS,3.35,-0.67
207,GPN,2019-02-13,TAS,3.09,0.13,2019-05-02,TAS,-0.03,0.69,Multi,Multi,,,2019-10-31,TAS,2.3,0.85,2020-02-12,TAS,-1.76,-0.43
208,GPS,2019-02-28,TAS,-0.12,18.11,2019-05-30,TAS,0.34,-15.29,2019-08-22,TAS,1.12,-4.45,2019-11-21,TAS,0.12,1.66,2020-03-12,TAS,-8.48,7.15
209,GRMN,2019-02-20,TAS,6.86,-0.93,2019-05-01,TAS,-4.36,0.1,2019-07-31,TAS,8.68,-0.34,2019-10-30,TAS,6.76,-1.14,2020-02-19,TAS,6.95,-0.16
210,GS,2019-01-16,TAS,3.94,-0.57,2019-04-15,Before Market Open,-1.79,-0.15,2019-07-16,Before Market Open,1.52,-0.78,2019-10-15,Before Market Open,-1.86,-0.14,2020-01-15,Before Market Open,-1.49,0.73
211,GWW,2019-01-24,TAS,-3.02,0.59,2019-04-22,TAS,-1.77,-1.01,2019-07-24,TAS,2.0,0.22,2019-10-23,TAS,-3.69,0.46,2020-01-30,TAS,-3.35,-0.99
212,HAL,2019-01-22,TAS,-2.33,0.19,2019-04-22,TAS,2.22,0.29,2019-07-22,TAS,5.06,-0.29,2019-10-21,TAS,-1.52,1.02,2020-01-21,TAS,-0.75,0.17
213,HAS,2019-02-08,TAS,-0.65,1.23,2019-04-23,TAS,13.83,0.34,2019-07-23,TAS,6.78,-0.59,2019-10-22,TAS,-15.94,0.13,2020-02-11,TAS,6.93,-0.12
214,HBAN,2019-01-24,TAS,-1.03,0.82,,,,,,,,,,,,,,,,
215,HBI,2019-02-07,TAS,7.06,-0.43,2019-05-02,TAS,1.49,0.46,2019-08-01,TAS,1.93,-0.93,2019-10-31,TAS,-9.92,1.12,2020-02-07,TAS,0.55,0.21
216,HCA,2019-01-29,TAS,2.48,0.14,2019-04-30,TAS,4.02,-0.34,2019-07-30,TAS,-10.17,-0.26,2019-10-29,TAS,5.53,-0.42,2020-01-28,TAS,4.17,0.23
217,HD,2019-02-26,TAS,-2.31,-0.21,2019-05-21,TAS,-2.0,-0.5,2019-08-20,TAS,2.67,0.76,2019-11-19,TAS,-3.45,-0.58,2020-02-25,TAS,2.67,0.72
218,HES,2019-01-30,TAS,2.02,0.2,2019-04-25,TAS,0.93,-1.08,2019-07-31,TAS,-0.05,-2.45,2019-10-30,TAS,-3.3,-0.6,2020-01-29,TAS,0.19,-0.59
219,HFC,2019-02-20,TAS,-1.02,0.0,2019-05-02,TAS,2.18,0.52,2019-08-01,TAS,2.43,-0.23,2019-10-31,TAS,2.2,0.38,2020-02-20,TAS,-4.69,-0.45
220,HIG,2019-02-04,TAS,0.49,0.11,2019-05-01,TAS,-0.21,1.05,2019-08-01,TAS,-0.05,1.58,2019-11-04,TAS,0.31,3.13,2020-02-03,TAS,0.49,-1.25
221,HII,2019-02-14,TAS,-4.28,0.96,2019-05-02,TAS,-3.38,0.0,2019-08-01,TAS,-8.01,-0.09,,,,,2020-02-13,TAS,-3.71,0.55
222,HLT,2019-02-13,TAS,4.41,0.39,2019-05-01,TAS,4.45,-0.16,2019-07-24,TAS,0.5,-0.86,2019-10-23,TAS,0.85,-0.22,2020-02-11,TAS,-0.84,0.49
223,HOG,2019-01-29,TAS,-9.31,-0.43,2019-04-23,TAS,0.5,-2.49,2019-07-23,TAS,-3.73,-0.66,2019-10-22,TAS,6.01,-0.1,2020-01-28,TAS,-6.4,0.92
224,HOLX,2019-01-30,TAS,0.23,-2.75,2019-05-01,TAS,-0.15,0.65,2019-07-31,TAS,-0.25,0.14,,,,,2020-01-29,TAS,-0.15,0.05
225,HON,2019-02-01,TAS,3.53,-0.16,2019-04-18,TAS,2.84,-0.48,2019-07-18,TAS,1.17,0.09,2019-10-17,TAS,1.63,-0.22,2020-01-31,TAS,-0.24,0.72
226,HP,2019-01-29,TAS,1.97,1.5,2019-04-24,TAS,0.35,3.17,2019-07-24,TAS,0.22,-2.75,2019-11-14,TAS,0.43,2.54,2020-02-03,TAS,-0.47,4.2
227,HPE,2019-02-21,TAS,0.37,1.66,2019-05-23,TAS,-1.29,-0.28,2019-08-27,TAS,0.85,4.41,2019-11-25,TAS,0.23,-5.56,2020-03-03,TAS,-2.09,-5.48
228,HPQ,2019-02-27,TAS,-0.63,-15.93,2019-05-23,After Market Close,-1.46,1.72,2019-08-22,TAS,0.26,-8.51,2019-11-26,TAS,-0.25,1.69,2020-02-24,TAS,-1.85,3.98
229,HRB,2019-03-07,TAS,0.0,-0.58,2019-06-11,TAS,1.97,-0.29,2019-08-28,TAS,-0.37,-3.42,2019-12-04,TAS,0.08,0.3,2020-03-05,TAS,-2.79,-8.3
230,HRL,2019-02-21,TAS,-1.6,-1.81,2019-05-23,TAS,-5.04,0.08,2019-08-22,TAS,3.12,-0.58,2019-11-26,TAS,0.42,0.0,2020-02-20,TAS,-3.1,-0.79
231,HSIC,2019-02-20,TAS,-6.5,-0.23,2019-05-07,TAS,4.0,0.49,2019-08-06,TAS,-7.03,-2.57,2019-11-05,TAS,-1.14,-1.14,2020-02-20,TAS,-0.96,-0.39
232,HST,2019-02-19,TAS,0.05,2.0,2019-05-01,TAS,0.42,0.1,2019-08-06,TAS,0.96,-1.67,2019-11-05,TAS,0.12,0.46,2020-02-19,TAS,0.3,3.71
233,HSY,2019-01-31,TAS,-2.16,-0.05,2019-04-25,TAS,2.61,0.05,2019-07-25,TAS,-3.24,0.82,2019-10-24,TAS,-2.75,0.0,2020-01-30,Before Market Open,0.16,-0.4
234,HUM,2019-02-06,TAS,-1.69,-0.4,2019-05-01,TAS,-2.08,0.39,2019-07-31,TAS,5.89,0.59,,,,,2020-02-05,TAS,1.95,0.53
235,HWM,,,,,,,,,,,,,,,,,2020-01-27,Time Not Supplied,-43.05,16.67
236,IBM,2019-01-22,TAS,-0.42,7.22,2019-04-16,TAS,0.35,-5.35,2019-07-17,TAS,0.06,-0.4,2019-10-16,TAS,-0.36,-5.0,2020-01-21,TAS,-0.36,2.98
237,ICE,2019-02-07,TAS,-1.36,-0.56,2019-05-02,TAS,0.1,0.23,2019-08-01,TAS,-0.96,-0.06,2019-10-31,TAS,0.72,0.66,2020-02-06,TAS,-0.14,4.21
238,IDXX,2019-02-01,TAS,0.59,0.06,2019-05-01,TAS,-0.16,0.24,,,,,2019-10-31,TAS,-0.58,0.19,2020-01-31,TAS,-1.27,1.87
239,IEX,2019-01-29,TAS,0.6,-5.64,2019-04-25,TAS,-0.81,2.07,2019-07-25,TAS,0.11,1.57,2019-10-29,TAS,-0.49,-1.07,2020-01-29,TAS,0.5,-5.78
240,IFF,2019-02-13,TAS,0.38,-5.47,2019-05-06,TAS,-2.15,0.76,2019-08-05,TAS,-0.92,-11.85,2019-11-04,TAS,1.23,1.89,2020-02-12,TAS,1.04,-6.05
241,ILMN,2019-01-29,TAS,0.47,-3.2,2019-04-25,TAS,-0.13,-1.32,Multi,Multi,,,,,,,2020-01-29,TAS,0.23,-5.04
242,INCY,2019-02-14,TAS,1.0,-1.64,2019-04-30,TAS,0.31,0.48,2019-07-30,TAS,3.13,0.08,2019-10-29,TAS,0.18,-0.35,2020-02-13,TAS,2.33,-0.05
243,INFO,Multi,Multi,,,2019-06-26,TAS,0.47,0.79,2019-09-24,TAS,-2.12,0.15,,,,,Multi,Multi,,
244,INTC,2019-01-24,After Market Close,1.59,-5.85,2019-04-25,After Market Close,-0.72,-8.45,2019-07-25,After Market Close,-0.77,1.02,2019-10-24,After Market Close,0.72,3.75,2020-01-23,After Market Close,0.21,5.13
245,INTU,2019-02-21,TAS,-0.4,0.72,2019-05-23,Time Not Supplied,-0.99,4.12,2019-08-22,TAS,0.28,5.32,2019-11-21,TAS,0.6,-1.19,2020-02-24,TAS,-3.07,3.88
246,IP,2019-01-31,TAS,1.06,0.34,2019-04-25,TAS,2.17,0.48,2019-07-25,TAS,0.18,-0.2,2019-10-31,TAS,1.29,0.71,2020-01-30,TAS,-1.45,-1.04
247,IPG,2019-02-13,TAS,4.98,-0.22,2019-04-26,TAS,3.23,0.9,2019-07-23,TAS,-3.42,0.53,2019-10-22,TAS,-0.43,-0.33,2020-02-12,TAS,3.23,-0.08
248,IPGP,2019-02-12,TAS,0.17,0.2,2019-04-30,TAS,-3.16,-1.51,2019-07-30,TAS,-4.98,-0.25,2019-10-29,TAS,-9.62,0.45,2020-02-13,TAS,-2.09,0.02
249,IQV,2019-02-14,TAS,2.41,1.19,2019-05-01,TAS,-1.22,-0.43,2019-07-24,TAS,-0.03,0.09,2019-10-30,TAS,-1.47,-0.01,2020-02-12,TAS,1.95,-0.79
250,IR,2019-01-30,TAS,0.89,-0.19,2019-04-30,TAS,0.87,0.32,2019-07-30,TAS,0.08,-0.33,2019-10-29,TAS,1.92,-0.44,2020-02-17,After Market Close,-0.53,0.56
251,IRM,2019-02-14,TAS,0.17,0.31,2019-04-25,TAS,-3.46,0.18,,,,,2019-10-31,TAS,-1.22,0.0,2020-02-13,TAS,0.66,-0.24
252,ISRG,Multi,Multi,,,2019-04-18,TAS,0.95,-5.33,2019-07-18,TAS,-0.19,-0.63,2019-10-17,TAS,0.84,3.32,Multi,Multi,,
253,IT,2019-02-05,TAS,-9.86,-1.42,2019-05-07,TAS,-1.81,-0.49,2019-07-30,TAS,-13.1,0.17,2019-10-31,TAS,1.64,-0.21,2020-02-04,TAS,-5.08,0.0
254,ITW,2019-02-01,TAS,-3.42,0.67,2019-04-25,TAS,-3.03,0.98,2019-07-26,TAS,-2.29,0.12,2019-10-25,TAS,2.49,1.02,2020-01-31,TAS,0.0,0.34
255,IVZ,2019-01-30,TAS,-1.57,-1.02,2019-04-25,TAS,1.07,-0.23,2019-07-25,TAS,0.65,-0.51,2019-10-23,TAS,4.24,0.64,2020-01-29,TAS,-1.17,-1.3
256,J,,,,,,,,,,,,,2019-11-25,TAS,2.01,0.14,2020-02-04,TAS,1.38,1.09
257,JBHT,2019-01-17,TAS,1.34,8.89,2019-04-15,TAS,0.14,-5.21,2019-07-15,TAS,0.06,7.62,2019-10-15,TAS,-0.53,1.82,2020-01-17,TAS,-4.33,0.43
258,JCI,2019-02-01,TAS,-0.15,-0.48,2019-05-01,TAS,4.08,-0.1,2019-07-31,TAS,0.44,-0.64,2019-11-07,TAS,0.11,-0.26,2020-01-31,TAS,1.83,0.33
259,JKHY,2019-02-05,TAS,0.49,-4.93,2019-04-30,TAS,0.26,-2.46,2019-08-20,TAS,-0.1,1.63,2019-11-04,TAS,0.85,2.41,2020-02-04,TAS,0.74,4.98
260,JNJ,2019-01-22,TAS,-1.91,-0.23,2019-04-16,TAS,1.32,0.71,2019-07-16,TAS,-1.32,-0.01,2019-10-15,TAS,1.74,1.55,2020-01-22,TAS,-1.72,-0.14
261,JNPR,2019-01-29,TAS,0.36,-10.55,2019-04-25,TAS,-0.52,-0.92,2019-07-25,TAS,-0.55,3.14,2019-10-24,TAS,0.04,4.57,2020-01-27,TAS,-1.51,-7.11
262,JPM,2019-01-15,TAS,-2.03,0.56,2019-04-12,TAS,3.02,-0.26,2019-07-16,TAS,-0.37,-0.6,2019-10-15,TAS,2.06,0.0,2020-01-14,TAS,0.54,-0.68
263,JWN,2019-02-28,TAS,0.7,2.43,2019-05-21,TAS,-1.23,-9.43,2019-08-21,TAS,1.63,9.27,2019-11-21,TAS,-2.89,7.95,2020-03-03,TAS,0.52,-6.16
264,K,2019-02-07,TAS,-4.39,-0.93,2019-05-02,TAS,-4.13,0.05,2019-08-01,TAS,4.65,-0.86,2019-10-29,TAS,3.18,0.72,2020-02-06,TAS,-7.41,-0.32
265,KEY,2019-01-17,TAS,-1.43,0.8,2019-04-18,TAS,-1.57,-0.54,2019-07-23,TAS,0.63,0.06,2019-10-17,TAS,1.53,-0.29,2020-01-23,TAS,0.71,0.55
266,KEYS,2019-02-21,TAS,0.47,2.92,2019-05-29,TAS,-0.81,11.68,2019-08-21,TAS,1.43,5.95,2019-11-26,TAS,0.93,1.64,2020-02-24,TAS,-3.31,9.79
267,KHC,2019-02-21,TAS,0.27,-25.59,,,,,Multi,Multi,,,2019-10-31,TAS,5.58,-0.65,2020-02-13,TAS,-3.08,0.29
268,KIM,2019-01-31,TAS,-1.96,0.82,2019-05-02,TAS,1.15,0.61,2019-07-25,TAS,-0.53,0.91,2019-10-24,TAS,-0.28,0.09,2020-01-30,TAS,-0.8,-0.26
269,KLAC,2019-01-29,TAS,0.71,2.96,2019-05-06,TAS,-2.63,-4.06,2019-08-05,TAS,-2.36,4.28,2019-10-30,TAS,0.9,-3.06,2020-02-04,TAS,2.59,-1.53
270,KMB,2019-01-23,TAS,-3.61,-0.03,2019-04-22,TAS,3.55,-0.19,2019-07-23,TAS,1.67,0.69,2019-10-22,TAS,-1.57,0.91,2020-01-23,TAS,-2.96,0.59
271,KMI,2019-01-16,TAS,0.12,-2.06,2019-04-17,TAS,0.3,-0.41,2019-07-17,TAS,0.19,-2.33,2019-10-16,TAS,-0.25,-0.35,2020-01-22,TAS,0.29,2.0
272,KMX,2019-03-29,TAS,4.73,1.81,2019-06-21,TAS,5.73,-0.97,2019-09-24,TAS,3.84,-0.14,2019-12-20,TAS,-4.44,-0.66,,,,
273,KO,2019-02-14,TAS,-6.21,0.68,2019-04-23,TAS,1.46,-0.37,2019-07-23,TAS,3.96,-0.39,2019-10-18,TAS,2.25,-0.6,2020-01-30,TAS,1.61,0.19
274,KR,2019-03-07,TAS,-12.27,0.0,2019-06-20,TAS,-4.91,0.39,2019-09-12,TAS,0.7,-0.39,2019-12-05,TAS,-0.51,0.37,2020-03-05,TAS,-1.0,-2.24
275,KSS,2019-03-05,TAS,1.64,0.94,2019-05-21,TAS,-12.14,-1.02,2019-08-20,TAS,-1.18,1.69,2019-11-19,TAS,-16.52,-1.47,2020-03-03,TAS,3.69,0.91
276,KSU,2019-01-18,TAS,3.2,-1.19,2019-04-17,TAS,2.76,1.0,2019-07-19,TAS,2.97,0.13,2019-10-18,TAS,4.12,1.38,2020-01-17,TAS,-0.56,0.0
277,L,2019-02-11,Before Market Open,-2.7,0.45,2019-04-29,Before Market Open,1.63,0.22,2019-08-05,Before Market Open,0.29,0.22,2019-10-28,Before Market Open,-1.24,-0.53,2020-02-10,Before Market Open,6.82,0.13
278,LB,2019-02-27,TAS,0.11,-5.84,2019-05-22,TAS,-1.15,7.07,2019-08-21,TAS,1.41,-10.43,2019-11-20,TAS,-0.58,2.33,2020-02-26,TAS,0.43,-7.51
279,LDOS,2019-02-19,TAS,-2.32,-0.34,2019-04-30,TAS,1.17,0.86,2019-07-30,TAS,-3.19,0.01,2019-10-29,TAS,3.45,0.6,2020-02-18,TAS,3.63,0.63
280,LEG,2019-02-04,TAS,0.1,4.6,2019-04-29,TAS,-0.1,-3.39,2019-07-29,TAS,0.1,-0.1,2019-10-28,TAS,0.71,3.4,2020-02-03,TAS,0.38,2.21
281,LEN,Multi,Multi,,,2019-06-25,TAS,3.09,-0.97,,,,,2019-10-02,Before Market Open,1.29,0.26,Multi,Multi,,
282,LH,2019-02-07,TAS,2.45,-0.66,2019-04-30,TAS,-0.26,0.68,2019-07-25,TAS,-1.53,0.44,2019-10-24,TAS,-0.89,-0.15,2020-02-13,TAS,0.52,-0.39
283,LHX,,,,,2019-05-01,TAS,3.15,-0.53,2019-07-31,TAS,-0.05,-2.59,2019-10-30,TAS,1.91,-0.21,2020-02-04,TAS,2.02,0.39
284,LIN,,,,,2019-05-10,TAS,0.74,-1.02,2019-08-05,Time Not Supplied,1.22,-0.17,Multi,Multi,,,2020-02-13,Time Not Supplied,2.35,0.17
285,LKQ,2019-02-28,TAS,-0.7,0.79,2019-04-25,TAS,-1.08,0.44,2019-07-25,TAS,-1.3,-1.2,2019-10-31,TAS,3.75,1.77,Multi,Multi,,
286,LLY,2019-02-06,TAS,-1.46,-0.23,2019-04-30,TAS,-2.5,0.01,2019-07-30,TAS,-0.39,-0.58,2019-10-23,TAS,-3.5,0.09,2020-01-30,TAS,-1.24,0.13
287,LMT,2019-01-29,TAS,-2.35,0.65,2019-04-23,TAS,3.57,0.24,2019-07-23,TAS,1.5,0.11,2019-10-22,TAS,-2.95,0.03,2020-01-28,TAS,0.55,0.13
288,LNC,2019-02-06,TAS,-0.19,-1.14,2019-05-01,TAS,-0.51,-0.29,2019-07-31,TAS,0.05,-1.09,2019-10-30,TAS,-0.63,-5.97,2020-02-05,TAS,2.32,3.47
289,LNT,2019-02-21,TAS,-0.09,-1.88,2019-05-02,TAS,0.04,0.58,2019-08-01,TAS,-0.18,0.92,2019-11-06,TAS,0.54,1.35,2020-02-20,TAS,-0.17,0.13
290,LOW,2019-02-27,TAS,3.79,-0.1,2019-05-22,TAS,-8.87,-0.77,2019-08-21,TAS,12.41,0.35,2019-11-20,TAS,4.3,0.98,2020-02-26,TAS,1.5,-2.82
291,LRCX,2019-01-23,TAS,0.56,7.84,2019-04-24,TAS,0.19,3.87,2019-07-31,TAS,-0.29,-0.35,2019-10-23,TAS,-1.0,8.26,2020-01-29,TAS,0.18,6.77
292,LUV,2019-01-24,TAS,5.35,1.46,2019-04-25,TAS,0.36,-0.19,2019-07-25,TAS,-2.54,-0.09,2019-10-24,TAS,1.8,-0.39,2020-01-23,TAS,-0.9,0.38
293,LVS,2019-01-23,TAS,0.53,-2.9,2019-04-17,TAS,0.09,1.66,2019-07-24,TAS,-0.34,-2.51,2019-10-23,TAS,-0.19,0.74,2020-01-29,TAS,0.92,-1.75
294,LW,2019-01-04,TAS,2.9,0.01,2019-04-02,TAS,6.8,0.24,2019-07-23,TAS,-2.86,-0.74,2019-10-02,TAS,0.04,0.26,2020-01-03,TAS,3.64,-1.19
295,LYB,2019-02-01,Before Market Open,-1.97,-0.69,2019-04-26,Before Market Open,-1.13,-0.15,2019-08-02,Before Market Open,-1.82,-0.92,2019-11-01,Before Market Open,2.88,0.77,2020-01-31,Before Market Open,-3.87,0.64
296,LYV,2019-02-28,TAS,0.41,1.26,2019-05-02,TAS,-0.69,2.34,2019-07-25,TAS,0.18,1.64,2019-10-31,TAS,-0.22,-3.55,2020-02-27,TAS,-2.9,-0.43
297,MA,2019-01-31,TAS,2.83,0.41,2019-04-30,TAS,1.6,0.26,2019-07-30,TAS,-0.75,0.18,2019-10-29,Before Market Open,0.61,0.13,2020-01-29,TAS,0.85,-0.41
298,MAA,2019-01-29,After Market Close,0.13,-0.31,2019-05-01,TAS,0.09,0.42,2019-07-31,TAS,-0.04,0.33,2019-10-30,TAS,0.07,0.1,2020-01-29,TAS,0.1,0.24
299,MAR,2019-02-28,TAS,-0.13,0.18,2019-05-10,TAS,-3.39,-1.7,2019-08-05,TAS,-1.39,-2.88,2019-11-04,TAS,0.61,-1.65,2020-02-26,TAS,1.78,-2.65
300,MAS,2019-02-06,TAS,-0.03,4.51,2019-04-25,TAS,-2.18,1.89,2019-07-25,TAS,4.59,-2.86,2019-10-30,TAS,0.78,-0.3,2020-02-11,TAS,-6.75,0.78
301,MCD,2019-01-30,TAS,0.41,-0.84,2019-04-30,TAS,0.88,-0.86,2019-07-26,TAS,1.64,0.19,2019-10-22,TAS,-2.27,0.42,2020-01-29,TAS,0.62,-0.21
302,MCHP,2019-02-05,TAS,-0.38,6.32,2019-05-07,TAS,-1.27,-4.46,,,,,2019-11-05,TAS,-0.02,-2.52,2020-02-04,TAS,3.24,6.17
303,MCK,2019-01-31,TAS,0.21,-3.66,2019-05-08,TAS,1.05,-0.17,2019-07-31,TAS,-0.31,4.16,2019-10-30,TAS,-4.67,-0.98,2020-02-04,TAS,2.86,0.51
304,MCO,2019-02-15,TAS,3.82,-0.24,2019-04-24,TAS,-0.01,-0.3,2019-07-31,TAS,3.17,-0.68,2019-10-30,TAS,0.81,-0.09,2020-02-12,TAS,0.37,-0.1
305,MDLZ,2019-01-30,TAS,0.07,0.43,2019-04-30,TAS,0.06,2.26,2019-07-30,TAS,0.2,0.35,2019-10-29,TAS,0.29,-2.01,2020-01-29,TAS,0.05,2.68
306,MDT,2019-02-19,TAS,1.03,0.13,2019-05-23,TAS,2.61,0.83,2019-08-20,TAS,3.65,-0.28,2019-11-19,TAS,1.11,0.31,2020-02-18,TAS,-2.64,1.1
307,MET,2019-02-06,TAS,-0.82,-2.96,2019-05-01,TAS,-0.22,2.17,2019-07-31,TAS,-0.22,0.87,,,,,2020-02-05,TAS,1.91,0.58
308,MGM,2019-02-13,TAS,0.76,-5.64,2019-04-29,TAS,0.46,-4.06,2019-07-25,TAS,-1.14,3.34,,,,,2020-02-12,TAS,0.89,-4.19
309,MHK,2019-02-07,TAS,0.02,6.19,2019-04-25,TAS,-0.86,-1.4,2019-07-25,TAS,0.06,-11.74,2019-10-24,TAS,-0.54,5.93,2020-02-13,TAS,-0.81,0.09
310,MKC,Multi,Multi,,,2019-06-27,TAS,-3.07,-0.89,,,,,2019-10-01,TAS,1.56,-0.77,Multi,Multi,,
311,MKTX,2019-01-30,TAS,-0.69,-0.29,2019-04-24,TAS,0.32,-0.52,2019-07-24,TAS,-3.53,0.04,2019-10-23,TAS,1.0,0.11,2020-01-29,TAS,0.64,-0.57
312,MLM,2019-02-12,TAS,-0.13,0.68,2019-04-30,TAS,5.64,0.72,2019-07-30,TAS,4.12,0.53,2019-10-29,TAS,1.84,-0.5,2020-02-11,TAS,-1.64,-0.43
313,MMC,2019-01-31,TAS,3.32,0.48,2019-04-25,TAS,-1.06,-1.62,2019-07-30,TAS,-1.39,-0.13,2019-10-29,TAS,0.5,-0.01,2020-01-30,TAS,-1.97,-0.32
314,MMM,2019-01-29,TAS,0.94,0.64,2019-04-25,TAS,-9.83,-0.1,2019-07-25,TAS,4.23,-0.28,2019-10-24,TAS,-2.13,0.38,2020-01-28,TAS,-2.12,0.47
315,MNST,2019-02-27,TAS,-0.7,7.63,2019-05-02,TAS,0.09,8.47,2019-08-07,TAS,-0.98,-9.09,2019-11-07,TAS,0.02,5.05,2020-02-27,TAS,-0.21,1.69
316,MO,2019-01-31,TAS,2.87,0.36,2019-04-25,TAS,-4.79,0.25,2019-07-30,TAS,-1.41,-0.39,2019-10-31,TAS,1.39,-0.42,2020-01-30,TAS,-2.08,0.52
317,MOS,2019-02-25,TAS,1.67,0.76,2019-05-06,TAS,-3.24,-2.06,2019-08-06,TAS,3.94,-0.77,2019-11-04,TAS,1.11,-0.47,2020-02-19,After Market Close,0.38,2.5
318,MPC,2019-02-07,TAS,-0.04,-0.49,2019-05-08,Before Market Open,-2.61,-0.11,2019-08-01,Before Market Open,2.71,-0.47,2019-10-31,TAS,0.62,1.41,2020-01-29,Before Market Open,3.16,-1.51
319,MRK,2019-02-01,TAS,2.07,-0.65,2019-04-30,TAS,1.02,-0.03,2019-07-30,TAS,1.82,-0.44,2019-10-29,TAS,2.25,-0.12,2020-02-05,TAS,-4.16,0.22
320,MRO,2019-02-13,TAS,0.78,1.61,2019-05-01,TAS,0.18,-4.05,Multi,Multi,,,2019-11-06,TAS,-0.63,3.53,2020-02-12,TAS,2.42,-2.93
321,MS,2019-01-17,TAS,-4.59,1.15,2019-04-17,TAS,1.77,-0.97,2019-07-18,TAS,-0.23,-0.18,2019-10-17,TAS,3.69,0.21,2020-01-16,TAS,5.87,-0.32
322,MSCI,2019-01-31,TAS,-0.82,0.42,,,,,,,,,2019-10-31,TAS,2.09,0.97,Multi,Multi,,
323,MSFT,2019-01-30,TAS,1.63,-2.43,2019-04-24,TAS,0.28,4.04,2019-07-18,TAS,-0.53,2.79,2019-10-23,TAS,0.37,1.57,2020-01-29,TAS,1.44,3.58
324,MSI,2019-01-30,After Market Close,-0.13,-0.15,,,,,,,,,,,,,2020-02-06,TAS,0.08,0.68
325,MTB,2019-01-17,TAS,2.88,0.81,2019-04-15,TAS,-0.77,0.23,2019-07-18,TAS,-2.61,0.5,2019-10-17,TAS,-4.29,-0.18,2020-01-23,TAS,1.61,0.26
326,MTD,2019-02-06,After Market Close,-0.44,-0.71,,,,,,,,,,,,,2020-02-06,TAS,1.07,-0.14
327,MU,2019-03-20,TAS,0.32,3.91,2019-06-25,TAS,0.48,9.76,2019-09-26,TAS,-0.18,-5.56,2019-12-18,TAS,0.0,3.71,2020-03-25,TAS,1.48,5.65
328,MXIM,2019-01-29,TAS,0.5,-1.15,2019-04-30,TAS,0.25,3.33,2019-07-30,TAS,-1.02,-3.09,2019-10-29,TAS,0.36,5.69,2020-01-28,TAS,0.58,3.24
329,MYL,2019-02-26,TAS,0.06,-10.58,,,,,2019-07-29,TAS,13.49,-0.34,,,,,2020-02-27,TAS,-1.54,-4.6
330,NBL,2019-02-18,Before Market Open,-1.72,-6.12,2019-05-03,TAS,-0.39,-1.56,2019-08-02,TAS,9.81,-2.74,,,,,2020-02-12,TAS,-0.75,0.46
331,NCLH,2019-02-21,TAS,1.96,0.32,2019-05-09,TAS,1.15,0.07,2019-08-08,TAS,-0.61,1.6,2019-11-07,TAS,2.21,-0.5,2020-02-20,TAS,-1.02,-0.8
332,NDAQ,2019-01-30,TAS,-0.91,-0.36,2019-04-24,TAS,0.27,-0.37,Multi,Multi,,,2019-10-23,TAS,1.91,0.68,2020-01-29,TAS,0.91,-0.08
333,NEE,2019-01-25,Before Market Open,-0.99,1.1,2019-04-23,Before Market Open,0.25,-0.02,2019-07-24,Before Market Open,0.5,-0.91,2019-10-22,Before Market Open,0.43,0.55,2020-01-24,Before Market Open,-1.17,-0.42
334,NEM,2019-02-20,Before Market Open,0.67,0.88,2019-04-25,TAS,1.96,0.76,2019-07-25,TAS,-2.47,-0.58,2019-11-05,TAS,-1.65,0.45,2020-02-20,TAS,0.91,1.79
335,NFLX,2019-01-17,TAS,-0.54,-0.35,2019-04-16,TAS,1.76,1.56,2019-07-17,TAS,0.07,-10.67,2019-10-16,TAS,-0.4,6.36,2020-01-21,TAS,0.1,-1.64
336,NI,2019-02-20,TAS,-0.52,-0.57,2019-05-01,TAS,-1.3,0.18,2019-07-31,TAS,-0.27,0.13,,,,,2020-02-26,After Market Close,-2.54,-0.18
337,NKE,2019-03-21,TAS,0.63,-3.19,2019-06-27,TAS,0.46,0.39,2019-09-24,TAS,0.87,5.28,2019-12-19,TAS,-0.07,-0.15,2020-03-24,TAS,4.62,10.76
338,NLOK,,,,,,,,,,,,,,,,,2020-02-06,TAS,0.62,8.12
339,NLSN,2019-02-28,TAS,-0.2,0.34,2019-04-30,TAS,0.55,0.24,2019-07-31,TAS,4.32,-0.69,,,,,2020-02-27,TAS,-1.28,-2.48
340,NOC,2019-01-31,TAS,-3.26,0.49,2019-04-24,TAS,-1.05,-0.21,2019-07-24,TAS,-0.03,0.87,2019-10-24,TAS,-1.47,0.19,2020-01-30,TAS,-2.5,-0.4
341,NOV,2019-02-06,TAS,-0.6,6.47,2019-04-25,TAS,-0.49,-1.89,2019-07-29,TAS,-0.28,1.35,2019-10-28,TAS,0.29,6.92,2020-02-06,TAS,0.76,8.31
342,NOW,2019-01-30,TAS,1.28,8.95,2019-04-24,TAS,0.6,7.55,2019-07-24,TAS,0.24,-2.93,Multi,Multi,,,2020-01-29,TAS,0.47,6.65
343,NRG,2019-02-28,TAS,3.61,0.17,2019-05-02,TAS,-0.54,-0.2,2019-08-07,TAS,0.15,0.39,2019-11-07,TAS,0.91,-0.7,2020-02-27,TAS,-0.57,-2.46
344,NSC,2019-01-24,TAS,1.55,-2.98,2019-04-24,TAS,2.27,-0.56,2019-07-24,TAS,-7.03,0.14,2019-10-23,TAS,-1.71,0.07,2020-01-29,TAS,6.08,-1.23
345,NTAP,2019-02-13,TAS,0.51,-8.69,2019-05-22,After Market Close,-1.43,-9.02,2019-08-14,TAS,-2.15,2.26,2019-11-13,TAS,-0.22,-0.35,2020-02-12,TAS,0.63,-12.07
346,NTRS,2019-01-23,TAS,3.29,-1.15,2019-04-23,TAS,1.06,0.0,2019-07-24,TAS,-0.23,0.64,2019-10-15,Before Market Open,0.48,0.26,2020-01-21,Before Market Open,-0.54,-5.75
347,NUE,2019-01-29,TAS,2.92,0.23,2019-04-23,TAS,1.23,-0.43,2019-07-18,TAS,0.69,1.43,2019-10-21,TAS,2.01,0.66,2020-01-28,TAS,7.12,-0.38
348,NVDA,2019-02-14,TAS,-0.03,5.45,2019-05-16,TAS,-0.14,-1.05,2019-08-15,TAS,0.51,7.11,2019-11-14,TAS,0.17,-0.04,2020-02-13,TAS,-0.85,6.09
349,NVR,2019-01-25,TAS,3.04,-1.87,2019-04-22,TAS,1.49,0.3,2019-07-19,TAS,1.2,-0.99,2019-10-18,TAS,-0.08,0.18,2020-01-28,TAS,0.35,-0.74
350,NWL,2019-02-15,TAS,-12.68,1.05,2019-05-03,TAS,6.14,-3.07,2019-08-02,TAS,5.96,-2.02,2019-11-01,TAS,4.69,-0.87,2020-02-14,TAS,-3.02,-0.35
351,NWS,,,,,,,,,,,,,,,,,,,,
352,NWSA,2019-02-07,TAS,-0.7,-0.31,2019-05-09,TAS,-0.61,0.87,2019-08-08,TAS,0.55,-0.92,2019-11-07,TAS,0.3,-0.45,,,,
353,O,2019-02-20,TAS,-0.19,-1.21,2019-05-01,TAS,-0.09,0.47,2019-08-05,TAS,0.11,-0.83,2019-11-04,TAS,-0.23,-0.82,2020-02-19,TAS,-0.06,5.8
354,ODFL,2019-02-07,TAS,2.01,0.1,2019-04-25,TAS,0.67,-0.3,2019-07-25,TAS,0.29,1.5,2019-10-24,TAS,-1.51,-1.94,2020-02-06,TAS,-0.02,0.88
355,OKE,2019-02-25,TAS,0.04,-2.2,2019-04-30,TAS,0.57,0.06,2019-07-30,TAS,-0.39,0.48,2019-10-29,TAS,-0.32,-0.39,2020-02-24,TAS,-1.65,1.24
356,OMC,2019-02-12,TAS,2.87,0.45,2019-04-16,TAS,2.73,1.0,2019-07-17,TAS,-0.17,-0.72,2019-10-15,TAS,-0.63,-0.36,2020-02-11,TAS,3.23,0.93
357,ORCL,2019-03-14,TAS,-0.15,-3.11,2019-06-19,TAS,-0.28,6.26,2019-09-11,TAS,-0.36,-3.46,2019-12-12,TAS,-0.02,-2.6,2020-03-12,TAS,-8.05,11.68
358,ORLY,2019-02-06,TAS,-0.46,2.26,2019-04-24,TAS,0.28,-4.1,2019-07-24,TAS,-0.43,-2.77,2019-10-23,TAS,-0.1,4.86,2020-02-05,TAS,0.72,-3.56
359,OTIS,,,,,,,,,,,,,,,,,,,,
360,OXY,2019-02-12,TAS,1.57,0.58,2019-05-05,TAS,-1.07,-2.45,,,,,2019-11-04,After Market Close,1.66,-4.7,2020-02-27,TAS,-3.07,-1.04
361,PAYC,2019-02-05,TAS,0.66,8.31,2019-04-30,TAS,-0.53,0.33,2019-07-30,TAS,-1.08,6.59,2019-10-29,TAS,0.37,-1.03,2020-02-05,TAS,1.15,-6.64
362,PAYX,2019-03-27,TAS,-1.04,0.19,2019-06-26,TAS,-0.92,0.18,,,,,Multi,Multi,,,2020-03-25,TAS,-0.94,0.15
363,PBCT,Multi,Multi,,,2019-04-18,TAS,0.0,-0.35,2019-07-18,TAS,0.18,-0.3,2019-10-17,After Market Close,0.7,1.01,2020-01-15,Time Not Supplied,-0.91,0.74
364,PCAR,2019-01-29,TAS,4.03,0.25,2019-04-30,TAS,0.95,0.18,2019-07-23,TAS,-3.11,0.19,2019-10-22,TAS,1.44,-1.32,2020-01-28,TAS,1.56,0.6
365,PEAK,,,,,,,,,2019-07-31,TAS,-0.31,-0.25,2019-10-30,TAS,0.33,0.35,2020-02-11,TAS,-0.05,0.25
366,PEG,2019-02-27,TAS,1.71,-0.1,2019-05-02,TAS,0.37,0.39,2019-07-30,TAS,-0.37,-0.19,2019-10-31,TAS,0.11,0.16,2020-02-26,TAS,2.25,-0.13
367,PEP,2019-02-15,TAS,2.9,0.77,2019-04-17,TAS,2.12,0.96,2019-07-09,TAS,0.33,0.5,2019-10-03,Before Market Open,3.36,-0.07,2020-02-13,TAS,-0.57,0.07
368,PFE,2019-01-29,TAS,-0.08,0.0,2019-04-30,TAS,2.05,-0.05,2019-07-29,TAS,-2.14,-3.91,2019-10-29,TAS,1.93,0.52,2020-01-28,TAS,-2.09,-0.05
369,PFG,2019-01-29,TAS,0.34,-5.08,2019-04-25,TAS,-0.51,0.82,2019-07-25,TAS,0.08,-0.27,2019-10-24,TAS,0.12,-7.67,2020-01-28,TAS,1.13,3.81
370,PG,2019-01-23,TAS,4.14,-0.58,2019-04-23,TAS,-1.89,0.16,2019-07-30,TAS,3.29,-0.62,2019-10-22,TAS,4.13,-0.16,2020-01-23,TAS,-1.59,0.18
371,PGR,Multi,Multi,,,Multi,Multi,,,Multi,Multi,,,Multi,Multi,,,Multi,Multi,,
372,PH,2019-01-31,TAS,-0.91,-0.24,2019-05-02,TAS,-3.58,1.09,2019-08-01,TAS,-0.05,-0.01,2019-10-31,TAS,-2.55,1.42,2020-01-30,TAS,3.07,-1.28
373,PHM,Multi,Multi,,,2019-04-23,TAS,1.75,1.28,2019-07-23,TAS,-4.12,1.01,2019-10-22,TAS,1.05,0.18,2020-01-28,TAS,2.3,0.34
374,PKG,2019-01-29,TAS,0.35,-2.68,2019-04-24,TAS,0.21,-0.82,2019-07-24,TAS,-0.43,-0.22,2019-10-23,TAS,-0.07,-0.57,2020-01-29,TAS,0.34,-6.47
375,PKI,2019-01-31,TAS,-0.21,0.81,2019-04-25,TAS,-0.57,-2.19,2019-07-29,TAS,0.15,-8.49,,,,,2020-01-27,TAS,-1.38,-1.19
376,PLD,2019-01-22,TAS,0.46,0.15,2019-04-16,TAS,0.0,0.56,2019-07-15,TAS,0.55,0.39,2019-10-15,TAS,-0.08,0.0,2020-01-22,TAS,-0.42,-0.43
377,PM,2019-02-07,TAS,2.98,0.34,2019-04-18,TAS,0.19,-0.41,2019-07-18,TAS,4.5,0.74,2019-10-17,TAS,1.52,0.13,2020-02-06,TAS,1.02,0.14
378,PNC,2019-01-16,TAS,-0.58,-0.08,2019-04-12,TAS,0.56,-0.54,2019-07-17,TAS,0.02,-0.82,2019-10-16,TAS,0.56,0.7,2020-01-15,TAS,-0.98,-0.32
379,PNR,2019-01-29,TAS,3.85,1.15,Multi,Multi,,,2019-07-23,TAS,3.78,-0.46,2019-10-23,TAS,1.09,0.63,Multi,Multi,,
380,PNW,2019-02-21,Before Market Open,-0.47,0.9,2019-05-01,TAS,-0.75,-0.34,2019-08-08,TAS,-1.94,-1.53,2019-11-07,TAS,-4.57,-0.73,2020-02-21,TAS,-0.38,-0.28
381,PPG,2019-01-17,TAS,0.81,-1.07,2019-04-18,TAS,2.04,-1.01,2019-07-18,TAS,-1.39,0.97,2019-10-17,TAS,0.09,1.45,2020-01-16,TAS,-3.36,0.1
382,PPL,2019-02-14,TAS,-0.26,0.23,2019-05-02,TAS,-0.48,0.03,2019-08-06,TAS,1.93,-0.27,2019-11-05,TAS,-0.18,0.06,2020-02-14,TAS,0.25,0.14
383,PRGO,2019-02-27,TAS,-0.68,-2.59,2019-05-08,TAS,-0.67,5.51,2019-08-08,TAS,-0.44,-0.15,2019-11-06,TAS,-0.15,1.15,2020-02-27,TAS,-8.8,-3.38
384,PRU,2019-02-06,TAS,-0.15,-3.44,2019-05-01,TAS,-0.06,-4.29,2019-07-31,TAS,0.01,-6.42,2019-11-04,TAS,1.13,-3.7,2020-02-04,TAS,1.87,1.92
385,PSA,2019-02-26,TAS,0.26,0.25,,,,,2019-07-30,TAS,-0.0,0.37,2019-10-29,TAS,0.03,-3.46,2020-02-25,TAS,-0.09,-0.45
386,PSX,2019-02-08,TAS,3.47,-0.57,2019-04-30,TAS,0.15,-0.02,2019-07-26,TAS,0.77,-0.4,2019-10-25,TAS,1.45,0.51,2020-01-31,TAS,-1.57,-0.09
387,PVH,2019-03-27,TAS,0.34,12.87,2019-05-29,TAS,-1.79,-9.33,2019-08-28,TAS,-0.72,8.38,2019-11-25,TAS,0.9,1.41,,,,
388,PWR,2019-02-21,TAS,-0.16,0.86,,,,,,,,,2019-10-31,TAS,1.05,-0.12,2020-02-27,TAS,3.37,-2.11
389,PXD,2019-02-13,TAS,0.16,-5.11,2019-05-06,TAS,-2.04,-1.8,2019-08-06,TAS,0.55,-4.52,2019-11-04,TAS,1.87,2.16,2020-02-19,TAS,0.5,2.0
390,PYPL,2019-01-30,TAS,0.99,-3.68,2019-04-24,TAS,0.2,1.21,2019-07-24,TAS,-0.18,-3.75,2019-10-23,After Market Close,0.06,9.76,2020-01-30,After Market Close,-3.32,-0.32
391,QCOM,2019-01-30,TAS,0.57,2.05,2019-05-01,TAS,1.21,1.31,2019-07-31,TAS,0.03,-5.85,,,,,2020-02-05,TAS,2.32,-3.13
392,QRVO,2019-02-07,TAS,-1.24,-8.6,2019-05-07,TAS,-0.97,5.86,2019-08-01,TAS,-0.4,-0.59,2019-10-31,TAS,0.15,13.63,2020-01-29,TAS,0.41,8.03
393,RCL,2019-01-30,TAS,4.28,-0.26,2019-05-01,TAS,5.23,-0.16,2019-07-25,TAS,-2.51,1.32,Multi,Multi,,,2020-02-04,TAS,4.74,1.27
394,RE,2019-02-11,TAS,0.21,-2.55,2019-05-06,TAS,-1.11,0.77,2019-07-29,TAS,-0.06,0.55,2019-10-28,TAS,0.2,1.02,2020-02-10,TAS,-0.18,0.61
395,REG,2019-02-13,TAS,-0.32,1.01,2019-05-02,After Market Close,0.04,0.43,2019-08-01,TAS,-0.27,0.05,2019-10-30,TAS,-0.07,0.14,2020-02-12,TAS,0.06,0.0
396,REGN,2019-02-06,TAS,1.87,0.43,2019-05-07,TAS,-3.26,-0.95,,,,,,,,,2020-02-06,TAS,3.59,0.31
397,RF,2019-01-18,TAS,-0.7,-0.7,2019-04-18,TAS,0.57,-0.46,2019-07-19,TAS,1.08,0.2,2019-10-22,TAS,-1.74,-0.18,2020-01-17,TAS,0.3,-0.61
398,RHI,2019-01-29,TAS,0.31,7.28,2019-04-23,TAS,0.85,-9.73,2019-07-23,TAS,0.59,4.06,2019-10-23,TAS,0.09,2.47,2020-01-30,TAS,-0.59,0.4
399,RJF,2019-01-23,After Market Close,0.38,-0.39,2019-04-24,After Market Close,-0.12,0.52,2019-07-24,After Market Close,-0.69,-0.28,2019-10-23,After Market Close,-0.37,5.01,2020-01-22,After Market Close,-0.16,-5.12
400,RL,2019-02-05,TAS,7.08,0.52,2019-05-14,TAS,-1.67,-0.9,2019-07-30,TAS,3.35,0.15,2019-11-07,TAS,13.44,-0.1,2020-02-04,TAS,9.49,0.98
401,RMD,2019-01-21,After Market Close,-0.73,-0.42,,,,,2019-07-25,TAS,-0.49,4.97,2019-10-24,TAS,0.56,13.52,2020-01-30,TAS,-0.92,-0.64
402,ROK,2019-01-29,TAS,10.14,0.09,2019-04-25,TAS,-5.63,0.0,2019-07-25,TAS,-4.93,0.02,2019-11-12,TAS,12.18,-1.18,2020-01-29,TAS,-0.34,-0.91
403,ROL,Multi,Multi,,,2019-04-24,TAS,-4.34,0.03,Multi,Multi,,,2019-10-23,TAS,3.53,0.0,2020-01-29,TAS,0.63,-0.11
404,ROP,2019-02-01,TAS,2.38,-0.4,2019-04-25,TAS,1.41,0.46,2019-07-25,TAS,-1.36,-0.16,Multi,Multi,,,2020-01-30,TAS,1.32,-0.71
405,ROST,2019-03-05,TAS,1.61,-0.18,2019-05-23,After Market Close,-0.62,-2.04,2019-08-22,TAS,1.11,-1.64,2019-11-21,TAS,0.66,1.15,2020-03-03,TAS,-0.88,0.15
406,RSG,2019-02-07,TAS,-0.36,-0.49,2019-04-25,TAS,0.16,0.31,2019-07-25,TAS,0.28,-1.7,,,,,2020-02-13,TAS,-0.23,0.18
407,RTX,,,,,,,,,,,,,,,,,,,,
408,SBAC,2019-02-21,TAS,0.3,-0.64,2019-04-29,TAS,-0.21,-0.1,2019-07-29,TAS,0.07,5.01,2019-10-28,TAS,-0.17,-5.03,2020-02-20,TAS,-0.09,0.1
409,SBUX,2019-01-24,After Market Close,0.27,3.54,2019-04-25,TAS,-0.37,-0.21,2019-07-25,TAS,0.93,5.96,2019-10-30,TAS,0.57,2.99,2020-01-28,TAS,0.36,-0.51
410,SCHW,2019-01-16,Before Market Open,3.16,-0.71,2019-04-15,TAS,3.09,0.51,2019-07-16,Before Market Open,1.74,-0.41,2019-10-15,TAS,3.31,-2.67,2020-01-16,TAS,-0.28,0.2
411,SEE,2019-02-06,Before Market Open,-0.32,3.67,2019-05-01,TAS,0.26,0.23,2019-08-02,TAS,2.07,-1.26,2019-11-06,TAS,-1.82,1.34,2020-02-11,TAS,0.0,0.11
412,SHW,2019-01-31,TAS,-1.29,0.35,2019-04-23,TAS,-0.42,-0.13,2019-07-23,TAS,3.17,0.97,2019-10-22,TAS,1.29,0.55,2020-01-30,TAS,-4.72,-1.5
413,SIVB,2019-01-24,TAS,0.12,4.66,2019-04-25,After Market Close,-0.24,-2.17,2019-07-25,After Market Close,0.0,-0.02,2019-10-24,TAS,0.41,0.35,2020-01-23,After Market Close,-0.48,0.36
414,SJM,2019-02-26,TAS,6.09,1.54,2019-06-06,TAS,-4.26,-0.03,2019-08-27,TAS,-5.25,-0.88,2019-11-22,TAS,1.65,-0.77,2020-02-26,TAS,0.23,-0.16
415,SLB,2019-01-18,TAS,5.99,-1.88,2019-04-18,TAS,1.52,0.18,2019-07-19,TAS,1.44,1.06,2019-10-18,TAS,0.94,-0.28,2020-01-17,TAS,0.59,-1.93
416,SLG,2019-01-23,TAS,0.23,0.0,2019-04-17,TAS,1.25,-0.09,2019-07-17,TAS,0.29,0.94,2019-10-16,TAS,-0.13,-2.0,2020-01-22,TAS,0.27,2.66
417,SNA,2019-02-07,TAS,-6.47,-0.42,2019-04-18,TAS,6.44,-0.54,2019-07-18,TAS,-1.46,0.57,2019-10-17,TAS,-0.04,-0.55,2020-02-06,TAS,1.11,-1.01
418,SNPS,2019-02-20,TAS,0.49,1.05,2019-05-22,After Market Close,-0.8,1.14,2019-08-21,TAS,1.05,2.4,2019-12-04,TAS,0.88,-1.85,2020-02-19,TAS,1.42,-3.59
419,SO,2019-02-20,TAS,0.2,-0.82,2019-05-01,TAS,-1.86,0.15,,,,,2019-10-30,TAS,0.15,-0.1,2020-02-20,TAS,-1.54,-0.26
420,SPG,2019-02-01,TAS,1.35,-0.12,2019-04-30,TAS,-0.48,-0.19,2019-07-29,Before Market Open,0.28,-0.1,2019-10-30,TAS,0.74,0.26,2020-02-04,TAS,-0.92,-0.01
421,SPGI,2019-02-07,TAS,-1.01,-2.68,2019-05-02,TAS,-1.58,-0.06,2019-08-01,TAS,3.15,-0.1,2019-10-29,TAS,2.42,0.04,2020-02-06,TAS,0.75,0.54
422,SRE,2019-02-26,TAS,1.52,0.0,2019-05-07,TAS,0.36,0.5,2019-08-02,TAS,-0.41,0.25,2019-11-01,TAS,1.04,0.01,2020-02-27,TAS,0.47,-2.35
423,STE,2019-02-12,Before Market Open,1.09,-0.22,2019-05-13,TAS,-1.93,1.58,2019-08-05,TAS,-1.64,4.21,Multi,Multi,,,Multi,Multi,,
424,STT,2019-01-18,TAS,6.26,-2.81,2019-04-23,TAS,-2.72,-0.57,2019-07-19,TAS,2.04,-0.32,2019-10-18,TAS,2.35,1.89,2020-01-17,TAS,3.68,-0.98
425,STX,2019-02-04,TAS,-0.6,-4.52,2019-04-30,TAS,5.1,2.94,2019-08-02,TAS,-8.73,-3.05,2019-11-01,TAS,-4.36,0.35,2020-02-04,TAS,2.74,-3.29
426,STZ,2019-01-09,TAS,-11.45,3.68,Multi,Multi,,,,,,,2019-10-03,TAS,-2.79,0.91,2020-01-08,TAS,2.81,0.85
427,SWK,2019-01-22,TAS,-12.41,2.0,2019-04-24,TAS,2.0,-0.7,2019-07-23,TAS,2.3,-0.89,2019-10-24,TAS,-2.33,-0.43,2020-01-29,TAS,-4.3,-0.47
428,SWKS,2019-02-05,TAS,0.52,7.86,,,,,,,,,2019-11-12,TAS,1.54,-5.9,2020-01-23,TAS,0.38,-1.32
429,SYF,2019-01-23,TAS,12.84,1.12,2019-04-18,TAS,1.65,-0.63,2019-07-19,TAS,-0.08,0.4,2019-10-18,TAS,2.12,1.08,2020-01-24,TAS,-5.8,-1.69
430,SYK,2019-01-29,TAS,0.08,9.28,2019-04-23,TAS,0.46,-1.79,2019-07-25,TAS,-0.18,4.07,2019-10-29,TAS,-0.27,-2.51,2020-01-28,TAS,0.13,1.02
431,SYY,2019-02-04,TAS,3.62,-2.01,2019-05-06,TAS,0.68,-0.16,2019-08-12,TAS,3.14,-1.5,2019-11-04,TAS,-0.52,0.04,2020-02-03,TAS,-1.13,-0.68
432,T,2019-01-30,TAS,-2.41,0.44,2019-04-24,TAS,-3.21,-0.49,2019-07-24,TAS,0.28,1.02,2019-10-28,TAS,3.77,0.0,2020-01-29,TAS,-0.21,-1.57
433,TAP,2019-02-12,Before Market Open,-7.88,-0.14,2019-05-01,Before Market Open,-1.87,-0.25,2019-07-31,Before Market Open,-6.76,-1.82,2019-10-30,Before Market Open,-3.14,-0.09,2020-02-12,Before Market Open,5.24,-0.4
434,TDG,2019-02-04,Before Market Open,0.14,6.49,2019-05-07,TAS,-0.95,0.7,2019-08-06,Before Market Open,9.7,0.47,2019-11-19,Before Market Open,-3.33,-0.07,2020-02-04,Before Market Open,1.95,0.25
435,TEL,2019-01-23,TAS,-3.12,-0.37,2019-04-24,TAS,2.34,0.15,2019-07-24,TAS,-1.97,-1.13,2019-10-30,TAS,-3.63,-0.27,2020-01-29,TAS,1.21,-0.92
436,TFC,,,,,,,,,,,,,2019-10-17,TAS,-0.02,-0.04,2020-01-30,TAS,-1.88,-0.52
437,TFX,2019-02-21,TAS,-5.42,0.71,2019-05-02,TAS,2.46,0.36,2019-08-01,TAS,1.51,0.08,2019-10-31,TAS,3.08,-0.17,2020-02-20,TAS,-1.04,-0.4
438,TGT,2019-03-05,TAS,5.26,1.08,2019-05-22,TAS,7.02,0.32,2019-08-21,TAS,16.77,2.32,2019-11-20,TAS,10.35,0.12,2020-03-03,TAS,2.7,1.1
439,TIF,2019-03-22,TAS,-2.22,0.0,Multi,Multi,,,2019-08-28,TAS,-4.58,0.13,2019-12-05,TAS,-0.09,0.05,2020-03-20,TAS,1.59,-1.15
440,TJX,2019-02-27,TAS,0.16,0.45,2019-05-21,TAS,1.0,-1.69,2019-08-20,TAS,-2.95,1.48,2019-11-19,TAS,1.23,-0.13,2020-02-26,TAS,7.37,-3.48
441,TMO,2019-01-30,TAS,0.79,-0.6,2019-04-24,TAS,0.4,-0.21,2019-07-24,TAS,-1.57,0.33,2019-10-23,TAS,6.25,-0.54,2020-01-30,TAS,-3.56,0.74
442,TMUS,2019-02-07,TAS,1.58,-0.94,2019-04-25,TAS,-0.86,2.78,Multi,Multi,,,2019-10-28,TAS,0.48,-1.4,2020-02-06,TAS,0.42,0.72
443,TPR,2019-02-07,TAS,-14.22,0.0,,,,,2019-08-15,TAS,-12.4,-3.29,2019-11-05,TAS,-2.3,-0.96,2020-02-06,TAS,5.14,-3.62
444,TROW,2019-01-30,TAS,-2.95,0.29,2019-04-24,TAS,3.93,-0.15,2019-07-24,TAS,-0.89,0.12,2019-10-24,TAS,2.37,0.17,2020-01-29,TAS,2.17,-2.73
445,TRV,2019-01-22,TAS,-0.41,0.25,2019-04-18,TAS,2.12,-0.4,2019-07-23,TAS,-0.81,0.07,2019-10-22,TAS,-6.58,-0.06,2020-01-23,TAS,-3.57,-0.34
446,TSCO,2019-01-31,TAS,-3.55,0.67,2019-04-25,TAS,0.71,0.04,2019-07-25,TAS,-6.66,0.5,2019-10-24,TAS,2.99,-0.97,2020-01-30,TAS,-6.55,1.14
447,TSN,2019-02-07,TAS,-0.97,-0.91,2019-05-06,TAS,-0.4,0.12,2019-08-05,TAS,4.24,0.84,2019-11-12,TAS,1.09,0.46,2020-02-06,TAS,-3.7,0.0
448,TT,,,,,,,,,,,,,,,,,2020-01-29,TAS,8.67,-0.66
449,TTWO,2019-02-06,TAS,-9.81,0.03,2019-05-13,After Market Close,-2.12,1.04,2019-08-05,TAS,-2.2,8.24,,,,,2020-02-06,TAS,0.24,-9.19
450,TWTR,2019-02-07,TAS,-8.75,-1.07,2019-04-23,TAS,7.39,0.23,2019-07-26,TAS,5.12,-0.05,2019-10-24,TAS,-17.95,0.39,2020-02-06,TAS,9.4,-2.03
451,TXN,2019-01-23,TAS,0.26,2.59,2019-04-23,TAS,0.39,-1.19,2019-07-23,TAS,0.86,5.36,2019-10-22,TAS,-0.5,-9.15,2020-01-22,TAS,0.89,-1.44
452,TXT,2019-01-24,TAS,7.44,1.48,2019-04-17,TAS,5.52,0.28,2019-07-17,TAS,-2.83,-0.25,2019-10-17,TAS,-6.48,0.0,2020-01-29,TAS,3.85,-1.23
453,UA,,,,,,,,,,,,,,,,,,,,
454,UAA,2019-02-12,TAS,-2.89,1.53,2019-05-02,TAS,8.71,0.0,2019-07-30,TAS,-16.76,-1.04,2019-11-04,TAS,-15.66,0.64,2020-02-11,TAS,-16.48,1.21
455,UAL,2019-01-15,TAS,0.85,6.96,2019-04-16,After Market Close,0.34,3.25,2019-07-16,After Market Close,0.54,0.12,2019-10-15,TAS,0.36,1.67,2020-01-21,TAS,-2.03,1.12
456,UDR,2019-02-12,TAS,0.0,-0.57,2019-04-30,TAS,-0.09,-0.04,2019-07-30,TAS,-0.04,-0.11,2019-10-29,TAS,-0.14,0.18,2020-02-11,TAS,0.22,0.04
457,UHS,2019-02-27,TAS,-0.19,0.16,2019-04-25,TAS,-0.54,-2.21,2019-07-25,TAS,-0.18,6.3,2019-10-24,TAS,0.43,-4.66,2020-02-26,TAS,0.56,-0.8
458,ULTA,2019-03-14,TAS,0.09,4.95,2019-05-30,After Market Close,1.73,-4.0,2019-08-29,TAS,2.16,-25.08,2019-12-05,TAS,0.7,8.83,2020-03-12,TAS,-10.08,14.43
459,UNH,2019-01-15,TAS,0.78,0.72,2019-04-16,TAS,3.39,1.28,2019-07-18,TAS,-0.38,0.19,2019-10-15,TAS,5.49,-0.96,2020-01-15,TAS,0.27,0.54
460,UNM,2019-02-05,TAS,0.26,1.53,2019-04-30,TAS,-0.03,-0.3,2019-07-30,TAS,-0.77,0.61,2019-10-29,TAS,-0.63,-1.5,Multi,Multi,,
461,UNP,2019-01-24,TAS,3.7,0.7,2019-04-18,TAS,3.5,0.03,2019-07-18,TAS,5.66,0.09,2019-10-17,TAS,-0.73,-0.31,2020-01-23,TAS,1.42,-0.56
462,UPS,2019-01-31,TAS,4.26,0.3,2019-04-25,TAS,-4.23,-0.21,2019-07-24,TAS,4.56,0.8,2019-10-22,TAS,-2.27,-0.6,2020-01-30,TAS,-3.02,-0.15
463,URI,2019-01-23,TAS,0.93,4.74,2019-04-17,TAS,0.46,7.59,2019-07-17,TAS,-0.68,-6.08,2019-10-16,TAS,-0.56,1.48,2020-01-29,TAS,0.66,-1.45
464,USB,2019-01-16,TAS,0.6,-0.29,2019-04-17,TAS,-1.85,-0.12,2019-07-17,TAS,0.02,0.37,2019-10-16,TAS,2.03,0.42,2020-01-15,TAS,-1.98,-0.4
465,V,2019-01-30,TAS,0.81,-2.33,2019-04-24,TAS,0.06,-0.6,2019-07-23,TAS,0.18,-0.06,2019-10-24,TAS,1.23,-0.7,2020-01-30,TAS,-0.42,-3.23
466,VAR,2019-01-23,TAS,0.26,1.01,2019-04-24,TAS,-0.11,-3.0,2019-07-24,TAS,0.22,-4.44,2019-10-23,TAS,0.49,9.8,2020-01-29,TAS,0.29,-4.17
467,VFC,2019-01-18,TAS,12.23,-0.17,2019-05-22,TAS,-6.94,-0.05,2019-07-24,TAS,2.33,-0.24,2019-10-25,TAS,-6.52,0.65,2020-01-23,TAS,-7.16,0.41
468,VIAC,,,,,,,,,,,,,2019-11-14,TAS,0.95,0.77,,,,
469,VLO,2019-01-31,TAS,5.66,0.2,2019-04-25,TAS,0.02,-0.61,2019-07-25,TAS,0.01,-0.29,2019-10-24,TAS,1.55,1.12,2020-01-30,TAS,-0.6,-0.71
470,VMC,2019-02-14,TAS,7.3,0.88,2019-05-02,TAS,3.83,0.41,2019-07-25,TAS,1.51,0.52,2019-11-06,TAS,-5.34,0.91,2020-02-18,TAS,-2.88,-0.52
471,VNO,2019-02-11,TAS,0.11,-1.8,2019-04-29,TAS,-0.39,0.26,2019-07-29,TAS,0.33,1.56,Multi,Multi,,,2020-02-18,TAS,0.0,0.53
472,VRSK,2019-02-19,TAS,-0.37,-2.03,2019-04-30,TAS,0.17,-0.41,2019-07-30,TAS,-0.41,0.0,2019-10-29,TAS,-0.53,-2.63,2020-02-18,TAS,-0.34,-3.54
473,VRSN,2019-02-07,TAS,-0.7,0.55,2019-04-25,TAS,-0.34,2.76,2019-07-25,TAS,-0.42,-0.54,2019-10-24,TAS,-0.09,6.91,2020-02-06,TAS,0.56,-3.66
474,VRTX,2019-01-29,After Market Close,0.04,-0.29,2019-04-30,TAS,0.82,-0.13,2019-07-31,TAS,-0.44,4.08,,,,,2020-01-30,TAS,-0.68,3.62
475,VTR,2019-02-08,TAS,-0.92,-0.28,2019-04-26,TAS,1.14,0.02,2019-07-26,TAS,0.19,0.66,2019-10-25,TAS,-3.04,-2.95,2020-02-20,TAS,-0.68,0.08
476,VZ,2019-01-29,TAS,-2.63,-0.34,2019-04-23,TAS,-1.28,0.33,2019-08-01,TAS,3.33,-0.27,2019-10-25,TAS,0.03,0.13,2020-01-30,TAS,-1.39,-0.03
477,WAB,2019-02-25,TAS,0.12,-2.22,2019-04-25,TAS,0.87,0.27,2019-07-30,TAS,0.35,-0.1,2019-10-31,TAS,5.62,0.63,2020-02-18,TAS,-0.34,0.06
478,WAT,2019-01-23,TAS,9.99,-0.06,2019-04-23,TAS,-15.97,-0.18,2019-07-30,TAS,-4.2,0.32,2019-10-29,TAS,-6.46,-0.51,2020-02-04,TAS,-5.11,1.23
479,WBA,,,,,Multi,Multi,,,,,,,2019-10-28,TAS,1.12,-0.45,2020-01-08,TAS,-5.46,-0.07
480,WDC,2019-01-24,TAS,2.79,13.35,2019-04-29,TAS,-0.61,-2.32,2019-07-31,TAS,-1.29,5.05,2019-10-30,TAS,0.22,-7.8,2020-01-30,TAS,-2.05,3.29
481,WEC,2019-02-12,TAS,0.31,-1.0,2019-04-25,TAS,-0.35,0.72,2019-08-05,TAS,0.06,0.22,2019-11-06,TAS,0.1,-1.21,2020-01-30,TAS,0.5,-0.11
482,WELL,2019-02-12,TAS,-0.06,-0.44,2019-04-30,TAS,0.19,0.36,2019-07-31,TAS,-0.26,-0.42,2019-10-28,TAS,-0.11,5.78,2020-02-12,TAS,0.05,-0.1
483,WFC,2019-01-15,TAS,-1.69,1.01,2019-04-12,TAS,0.02,-1.33,2019-07-16,TAS,0.02,-0.22,2019-10-15,TAS,0.02,-0.14,2020-01-14,TAS,-3.61,-0.95
484,WHR,2019-01-28,TAS,-1.54,-5.24,2019-04-22,TAS,0.23,3.42,2019-07-22,TAS,0.53,-0.92,2019-10-22,TAS,0.73,-3.74,2020-01-27,TAS,-2.14,1.87
485,WLTW,2019-02-06,TAS,-0.38,-1.89,2019-04-30,TAS,-0.11,-3.95,2019-07-30,TAS,-0.14,1.01,,,,,2020-02-05,TAS,0.65,-5.12
486,WM,2019-02-14,TAS,-1.08,1.07,2019-04-25,TAS,0.84,0.24,2019-07-25,TAS,0.0,0.07,2019-10-23,TAS,-0.25,0.12,2020-02-13,TAS,-0.49,0.3
487,WMB,2019-02-13,TAS,0.56,-0.92,,,,,Multi,Multi,,,2019-10-30,TAS,-0.09,-0.35,2020-02-19,TAS,0.28,1.86
488,WMT,2019-02-19,TAS,2.39,-0.38,2019-05-16,TAS,2.95,-1.06,2019-08-15,TAS,5.96,1.23,2019-11-14,TAS,2.99,0.02,2020-02-18,TAS,0.49,-0.11
489,WRB,2019-01-29,TAS,-0.11,1.18,2019-04-23,TAS,0.0,-0.96,2019-07-23,TAS,-0.06,3.12,2019-10-22,TAS,-0.62,5.82,2020-01-28,TAS,0.22,0.65
490,WRK,Multi,Multi,,,2019-04-30,Before Market Open,-0.03,0.42,2019-08-01,TAS,0.75,-0.94,2019-11-07,TAS,1.22,-0.69,2020-01-30,TAS,-0.52,-1.12
491,WU,2019-02-07,TAS,-0.27,-3.66,2019-05-07,TAS,-0.94,-3.75,2019-08-01,TAS,-0.05,-3.22,2019-10-31,TAS,-0.16,0.72,2020-02-11,TAS,0.32,-6.73
492,WY,2019-02-01,TAS,0.0,-0.86,2019-04-26,TAS,1.6,-0.66,2019-07-26,TAS,1.52,0.19,2019-10-25,TAS,-0.75,0.38,2020-01-31,TAS,-2.99,0.41
493,WYNN,2019-01-30,TAS,1.15,2.95,,,,,,,,,,,,,2020-02-06,TAS,1.0,-3.83
494,XEL,2019-01-31,TAS,0.06,-0.17,2019-04-25,TAS,-0.58,0.38,2019-08-01,TAS,-1.19,0.21,2019-10-24,TAS,0.82,0.2,2020-01-30,TAS,-0.24,0.36
495,XLNX,2019-01-23,TAS,0.61,9.55,2019-04-24,TAS,0.22,-9.57,2019-07-24,TAS,0.09,-5.4,2019-10-23,TAS,-1.28,-1.74,2020-01-28,TAS,0.92,-7.21
496,XOM,2019-02-01,TAS,2.24,-0.21,2019-04-26,TAS,-2.37,-0.46,2019-08-02,TAS,0.21,-1.35,2019-11-01,TAS,1.21,0.68,2020-01-31,TAS,-2.45,-1.19
497,XRAY,2019-03-01,TAS,12.52,0.16,2019-05-03,TAS,3.79,-1.4,2019-08-02,TAS,-5.36,-0.53,2019-11-07,TAS,4.61,0.05,2020-03-02,TAS,0.67,-1.05
498,XRX,2019-01-29,TAS,5.6,1.96,2019-04-25,TAS,-1.04,-0.09,2019-07-30,TAS,-1.12,-1.19,Multi,Multi,,,Multi,Multi,,
499,XYL,2019-01-31,TAS,1.42,0.51,,,,,,,,,2019-10-31,TAS,-4.83,1.03,2020-02-06,TAS,-7.54,0.29
500,YUM,2019-02-07,TAS,-5.38,-0.64,2019-05-01,TAS,-2.77,-0.36,2019-08-01,TAS,3.23,-0.2,2019-10-30,TAS,-6.59,-0.3,2020-02-06,TAS,-4.48,-1.91
501,ZBH,2019-02-01,TAS,5.2,0.28,2019-04-26,TAS,0.22,-0.94,2019-07-26,TAS,5.32,1.14,2019-11-05,TAS,3.27,1.49,2020-02-04,TAS,2.96,0.03
502,ZBRA,2019-02-14,TAS,1.04,1.11,2019-04-30,TAS,-0.44,0.53,2019-07-30,TAS,8.99,-1.21,2019-10-29,TAS,0.17,0.0,2020-02-13,TAS,-7.93,2.26
503,ZION,Multi,Multi,,,2019-04-22,After Market Close,-0.44,-0.19,2019-07-22,TAS,-0.37,-6.81,2019-10-21,After Market Close,1.05,6.2,2020-01-20,After Market Close,-0.32,1.36
504,ZTS,2019-02-14,TAS,0.86,0.71,,,,,,,,,,,,,2020-02-13,TAS,-0.73,0.0
